time,p,T,Tve,rho
0,100000,10000,3000,0.0336924
5e-08,99378.4,9937.83,3028.79,0.0336924
1e-07,98756.4,9875.64,3057.2,0.0336924
1.5e-07,98139,9813.9,3085.23,0.0336924
2e-07,97526.3,9752.63,3112.9,0.0336924
2.5e-07,96918.3,9691.82,3140.2,0.0336924
3e-07,96315,9631.49,3167.13,0.0336924
3.5e-07,95716.5,9571.65,3193.71,0.0336924
4e-07,95122.8,9512.28,3219.92,0.0336924
4.5e-07,94534,9453.4,3245.79,0.0336924
5e-07,93950.1,9395.01,3271.3,0.0336924
5.5e-07,93371.1,9337.11,3296.47,0.0336924
6e-07,92797.1,9279.71,3321.3,0.0336924
6.5e-07,92228.1,9222.81,3345.78,0.0336924
7e-07,91664.2,9166.42,3369.94,0.0336924
7.5e-07,91105.3,9110.53,3393.76,0.0336924
8e-07,90551.6,9055.15,3417.25,0.0336924
8.5e-07,90002.9,9000.29,3440.41,0.0336924
9e-07,89459.4,8945.94,3463.26,0.0336924
9.5e-07,88921.1,8892.11,3485.78,0.0336924
1e-06,88388,8838.8,3507.99,0.0336924
1.05e-06,87860.1,8786.01,3529.89,0.0336924
1.1e-06,87337.5,8733.75,3551.49,0.0336924
1.15e-06,86820.1,8682.01,3572.77,0.0336924
1.2e-06,86308,8630.79,3593.76,0.0336924
1.25e-06,85801.1,8580.11,3614.45,0.0336924
1.3e-06,85299.6,8529.95,3634.85,0.0336924
1.35e-06,84803.3,8480.33,3654.95,0.0336924
1.4e-06,84312.3,8431.23,3674.77,0.0336924
1.45e-06,83826.7,8382.67,3694.31,0.0336924
1.5e-06,83346.3,8334.63,3713.56,0.0336924
1.55e-06,82871.3,8287.12,3732.54,0.0336924
1.6e-06,82401.5,8240.15,3751.24,0.0336924
1.65e-06,81937.1,8193.7,3769.67,0.0336924
1.7e-06,81477.9,8147.79,3787.84,0.0336924
1.75e-06,81024,8102.4,3805.74,0.0336924
1.8e-06,80575.4,8057.54,3823.38,0.0336924
1.85e-06,80132,8013.2,3840.77,0.0336924
1.9e-06,79693.9,7969.39,3857.9,0.0336924
1.95e-06,79261,7926.1,3874.78,0.0336924
2e-06,78833.3,7883.33,3891.41,0.0336924
2.05e-06,78410.8,7841.08,3907.8,0.0336924
2.1e-06,77993.4,7799.34,3923.95,0.0336924
2.15e-06,77581.2,7758.12,3939.86,0.0336924
2.2e-06,77174.1,7717.41,3955.53,0.0336924
2.25e-06,76772.1,7677.21,3970.97,0.0336924
2.3e-06,76375.2,7637.52,3986.19,0.0336924
2.35e-06,75983.3,7598.32,4001.18,0.0336924
2.4e-06,75596.4,7559.63,4015.94,0.0336924
2.45e-06,75214.4,7521.44,4030.49,0.0336924
2.5e-06,74837.4,7483.74,4044.81,0.0336924
2.55e-06,74465.3,7446.53,4058.93,0.0336924
2.6e-06,74098.1,7409.8,4072.83,0.0336924
2.65e-06,73735.7,7373.56,4086.53,0.0336924
2.7e-06,73378,7337.8,4100.02,0.0336924
2.75e-06,73025.2,7302.51,4113.31,0.0336924
2.8e-06,72677,7267.7,4126.4,0.0336924
2.85e-06,72333.6,7233.36,4139.29,0.0336924
2.9e-06,71994.8,7199.47,4151.99,0.0336924
2.95e-06,71660.5,7166.05,4164.49,0.0336924
3e-06,71330.9,7133.08,4176.81,0.0336924
3.05e-06,71005.7,7100.57,4188.94,0.0336924
3.1e-06,70685,7068.5,4200.89,0.0336924
3.15e-06,70368.8,7036.87,4212.66,0.0336924
3.2e-06,70056.9,7005.68,4224.25,0.0336924
3.25e-06,69749.3,6974.93,4235.66,0.0336924
3.3e-06,69446.1,6944.61,4246.9,0.0336924
3.35e-06,69147.1,6914.71,4257.97,0.0336924
3.4e-06,68852.3,6885.23,4268.87,0.0336924
3.45e-06,68561.7,6856.17,4279.61,0.0336924
3.5e-06,68275.2,6827.51,4290.18,0.0336924
3.55e-06,67992.7,6799.27,4300.59,0.0336924
3.6e-06,67714.3,6771.43,4310.84,0.0336924
3.65e-06,67439.9,6743.98,4320.94,0.0336924
3.7e-06,67169.4,6716.93,4330.88,0.0336924
3.75e-06,66902.8,6690.27,4340.67,0.0336924
3.8e-06,66640,6663.99,4350.31,0.0336924
3.85e-06,66381,6638.1,4359.8,0.0336924
3.9e-06,66125.8,6612.57,4369.15,0.0336924
3.95e-06,65874.2,6587.42,4378.35,0.0336924
4e-06,65626.4,6562.63,4387.42,0.0336924
4.05e-06,65382.1,6538.21,4396.34,0.0336924
4.1e-06,65141.4,6514.14,4405.13,0.0336924
4.15e-06,64904.3,6490.43,4413.78,0.0336924
4.2e-06,64670.6,6467.06,4422.3,0.0336924
4.25e-06,64440.4,6444.03,4430.69,0.0336924
4.3e-06,64213.5,6421.35,4438.95,0.0336924
4.35e-06,63990,6399,4447.08,0.0336924
4.4e-06,63769.8,6376.98,4455.09,0.0336924
4.45e-06,63552.9,6355.29,4462.97,0.0336924
4.5e-06,63339.2,6333.91,4470.74,0.0336924
4.55e-06,63128.6,6312.86,4478.38,0.0336924
4.6e-06,62921.2,6292.12,4485.91,0.0336924
4.65e-06,62716.9,6271.69,4493.32,0.0336924
4.7e-06,62515.6,6251.56,4500.61,0.0336924
4.75e-06,62317.4,6231.73,4507.8,0.0336924
4.8e-06,62122.1,6212.21,4514.87,0.0336924
4.85e-06,61929.7,6192.97,4521.83,0.0336924
4.9e-06,61740.2,6174.02,4528.69,0.0336924
4.95e-06,61553.6,6155.36,4535.44,0.0336924
5e-06,61369.8,6136.97,4542.08,0.0336924
5.05e-06,61188.7,6118.87,4548.62,0.0336924
5.1e-06,61010.4,6101.04,4555.06,0.0336924
5.15e-06,60834.7,6083.47,4561.41,0.0336924
5.2e-06,60661.8,6066.17,4567.65,0.0336924
5.25e-06,60491.4,6049.14,4573.8,0.0336924
5.3e-06,60323.6,6032.36,4579.85,0.0336924
5.35e-06,60158.3,6015.83,4585.81,0.0336924
5.4e-06,59995.6,5999.56,4591.67,0.0336924
5.45e-06,59835.3,5983.53,4597.45,0.0336924
5.5e-06,59677.5,5967.74,4603.13,0.0336924
5.55e-06,59522,5952.2,4608.73,0.0336924
5.6e-06,59368.9,5936.89,4614.24,0.0336924
5.65e-06,59218.2,5921.82,4619.67,0.0336924
5.7e-06,59069.7,5906.97,4625.01,0.0336924
5.75e-06,58923.5,5892.35,4630.27,0.0336924
5.8e-06,58779.6,5877.96,4635.45,0.0336924
5.85e-06,58637.8,5863.78,4640.54,0.0336924
5.9e-06,58498.2,5849.82,4645.56,0.0336924
5.95e-06,58360.8,5836.07,4650.5,0.0336924
6e-06,58225.4,5822.54,4655.36,0.0336924
6.05e-06,58092.1,5809.21,4660.15,0.0336924
6.1e-06,57960.9,5796.08,4664.86,0.0336924
6.15e-06,57831.6,5783.16,4669.5,0.0336924
6.2e-06,57704.4,5770.43,4674.07,0.0336924
6.25e-06,57579,5757.9,4678.57,0.0336924
6.3e-06,57455.7,5745.56,4683,0.0336924
6.35e-06,57334.2,5733.41,4687.36,0.0336924
6.4e-06,57214.5,5721.45,4691.65,0.0336924
6.45e-06,57096.8,5709.67,4695.87,0.0336924
6.5e-06,56980.8,5698.08,4700.03,0.0336924
6.55e-06,56866.6,5686.66,4704.12,0.0336924
6.6e-06,56754.1,5675.41,4708.15,0.0336924
6.65e-06,56643.4,5664.34,4712.12,0.0336924
6.7e-06,56534.4,5653.44,4716.03,0.0336924
6.75e-06,56427.1,5642.71,4719.87,0.0336924
6.8e-06,56321.4,5632.14,4723.66,0.0336924
6.85e-06,56217.4,5621.74,4727.38,0.0336924
6.9e-06,56115,5611.49,4731.05,0.0336924
6.95e-06,56014.1,5601.41,4734.66,0.0336924
7e-06,55914.8,5591.48,4738.22,0.0336924
7.05e-06,55817,5581.7,4741.72,0.0336924
7.1e-06,55720.8,5572.07,4745.16,0.0336924
7.15e-06,55626,5562.6,4748.55,0.0336924
7.2e-06,55532.7,5553.27,4751.89,0.0336924
7.25e-06,55440.8,5544.08,4755.18,0.0336924
7.3e-06,55350.4,5535.03,4758.42,0.0336924
7.35e-06,55261.3,5526.13,4761.6,0.0336924
7.4e-06,55173.6,5517.36,4764.74,0.0336924
7.45e-06,55087.3,5508.73,4767.83,0.0336924
7.5e-06,55002.3,5500.23,4770.86,0.0336924
7.55e-06,54918.7,5491.87,4773.86,0.0336924
7.6e-06,54836.3,5483.63,4776.8,0.0336924
7.65e-06,54755.2,5475.52,4779.7,0.0336924
7.7e-06,54675.4,5467.53,4782.55,0.0336924
7.75e-06,54596.8,5459.67,4785.36,0.0336924
7.8e-06,54519.4,5451.94,4788.13,0.0336924
7.85e-06,54443.2,5444.32,4790.85,0.0336924
7.9e-06,54368.2,5436.82,4793.53,0.0336924
7.95e-06,54294.3,5429.43,4796.17,0.0336924
8e-06,54221.6,5422.16,4798.77,0.0336924
8.05e-06,54150.1,5415,4801.33,0.0336924
8.1e-06,54079.6,5407.96,4803.84,0.0336924
8.15e-06,54010.2,5401.02,4806.32,0.0336924
8.2e-06,53941.9,5394.19,4808.76,0.0336924
8.25e-06,53874.7,5387.47,4811.16,0.0336924
8.3e-06,53808.5,5380.85,4813.52,0.0336924
8.35e-06,53743.3,5374.33,4815.85,0.0336924
8.4e-06,53679.2,5367.92,4818.14,0.0336924
8.45e-06,53616,5361.6,4820.4,0.0336924
8.5e-06,53553.9,5355.38,4822.62,0.0336924
8.55e-06,53492.6,5349.26,4824.8,0.0336924
8.6e-06,53432.4,5343.24,4826.95,0.0336924
8.65e-06,53373.1,5337.3,4829.07,0.0336924
8.7e-06,53314.7,5331.46,4831.16,0.0336924
8.75e-06,53257.2,5325.71,4833.21,0.0336924
8.8e-06,53200.6,5320.05,4835.23,0.0336924
8.85e-06,53144.8,5314.48,4837.22,0.0336924
8.9e-06,53090,5309,4839.17,0.0336924
8.95e-06,53036,5303.6,4841.1,0.0336924
9e-06,52982.8,5298.28,4843,0.0336924
9.05e-06,52930.5,5293.05,4844.87,0.0336924
9.1e-06,52879,5287.89,4846.7,0.0336924
9.15e-06,52828.2,5282.82,4848.51,0.0336924
9.2e-06,52778.3,5277.83,4850.29,0.0336924
9.25e-06,52729.1,5272.91,4852.05,0.0336924
9.3e-06,52680.7,5268.07,4853.77,0.0336924
9.35e-06,52633.1,5263.31,4855.47,0.0336924
9.4e-06,52586.2,5258.62,4857.15,0.0336924
9.45e-06,52540,5254,4858.79,0.0336924
9.5e-06,52494.6,5249.46,4860.41,0.0336924
9.55e-06,52449.9,5244.98,4862.01,0.0336924
9.6e-06,52405.8,5240.58,4863.58,0.0336924
9.65e-06,52362.4,5236.24,4865.13,0.0336924
9.7e-06,52319.8,5231.97,4866.65,0.0336924
9.75e-06,52277.7,5227.77,4868.15,0.0336924
9.8e-06,52236.4,5223.63,4869.62,0.0336924
9.85e-06,52195.6,5219.56,4871.07,0.0336924
9.9e-06,52155.6,5215.55,4872.5,0.0336924
9.95e-06,52116.1,5211.61,4873.91,0.0336924
1e-05,52077.2,5207.72,4875.3,0.0336924
1.005e-05,52039,5203.9,4876.66,0.0336924
1.01e-05,52001.3,5200.13,4878,0.0336924
1.015e-05,51964.3,5196.43,4879.32,0.0336924
1.02e-05,51927.8,5192.78,4880.62,0.0336924
1.025e-05,51891.9,5189.19,4881.9,0.0336924
1.03e-05,51856.5,5185.65,4883.16,0.0336924
1.035e-05,51821.7,5182.17,4884.4,0.0336924
1.04e-05,51787.4,5178.74,4885.63,0.0336924
1.045e-05,51753.7,5175.37,4886.83,0.0336924
1.05e-05,51720.5,5172.05,4888.01,0.0336924
1.055e-05,51687.8,5168.78,4889.18,0.0336924
1.06e-05,51655.6,5165.56,4890.32,0.0336924
1.065e-05,51624,5162.39,4891.45,0.0336924
1.07e-05,51592.8,5159.28,4892.56,0.0336924
1.075e-05,51562.1,5156.21,4893.66,0.0336924
1.08e-05,51531.9,5153.18,4894.73,0.0336924
1.085e-05,51502.1,5150.21,4895.79,0.0336924
1.09e-05,51472.8,5147.28,4896.84,0.0336924
1.095e-05,51444,5144.4,4897.87,0.0336924
1.1e-05,51415.6,5141.56,4898.88,0.0336924
1.105e-05,51387.7,5138.77,4899.87,0.0336924
1.11e-05,51360.2,5136.02,4900.85,0.0336924
1.115e-05,51333.1,5133.31,4901.82,0.0336924
1.12e-05,51306.5,5130.64,4902.77,0.0336924
1.125e-05,51280.2,5128.02,4903.7,0.0336924
1.13e-05,51254.4,5125.44,4904.62,0.0336924
1.135e-05,51229,5122.9,4905.53,0.0336924
1.14e-05,51204,5120.39,4906.42,0.0336924
1.145e-05,51179.3,5117.93,4907.3,0.0336924
1.15e-05,51155.1,5115.51,4908.16,0.0336924
1.155e-05,51131.2,5113.12,4909.01,0.0336924
1.16e-05,51107.7,5110.77,4909.85,0.0336924
1.165e-05,51084.6,5108.45,4910.67,0.0336924
1.17e-05,51061.8,5106.18,4911.48,0.0336924
1.175e-05,51039.4,5103.94,4912.28,0.0336924
1.18e-05,51017.3,5101.73,4913.07,0.0336924
1.185e-05,50995.6,5099.56,4913.84,0.0336924
1.19e-05,50974.2,5097.42,4914.6,0.0336924
1.195e-05,50953.1,5095.31,4915.35,0.0336924
1.2e-05,50932.4,5093.24,4916.09,0.0336924
1.205e-05,50912,5091.2,4916.82,0.0336924
1.21e-05,50891.9,5089.19,4917.53,0.0336924
1.215e-05,50872.2,5087.21,4918.24,0.0336924
1.22e-05,50852.7,5085.27,4918.93,0.0336924
1.225e-05,50833.6,5083.35,4919.61,0.0336924
1.23e-05,50814.7,5081.47,4920.28,0.0336924
1.235e-05,50796.1,5079.61,4920.94,0.0336924
1.24e-05,50777.9,5077.78,4921.59,0.0336924
1.245e-05,50759.9,5075.99,4922.24,0.0336924
1.25e-05,50742.2,5074.21,4922.87,0.0336924
1.255e-05,50724.7,5072.47,4923.49,0.0336924
1.26e-05,50707.6,5070.76,4924.1,0.0336924
1.265e-05,50690.7,5069.07,4924.7,0.0336924
1.27e-05,50674.1,5067.4,4925.29,0.0336924
1.275e-05,50657.7,5065.77,4925.87,0.0336924
1.28e-05,50641.6,5064.16,4926.45,0.0336924
1.285e-05,50625.7,5062.57,4927.01,0.0336924
1.29e-05,50610.1,5061.01,4927.57,0.0336924
1.295e-05,50594.7,5059.47,4928.12,0.0336924
1.3e-05,50579.6,5057.96,4928.65,0.0336924
1.305e-05,50564.7,5056.47,4929.19,0.0336924
1.31e-05,50550,5055,4929.71,0.0336924
1.315e-05,50535.6,5053.56,4930.22,0.0336924
1.32e-05,50521.4,5052.14,4930.73,0.0336924
1.325e-05,50507.4,5050.74,4931.23,0.0336924
1.33e-05,50493.7,5049.36,4931.72,0.0336924
1.335e-05,50480.1,5048.01,4932.2,0.0336924
1.34e-05,50466.8,5046.67,4932.67,0.0336924
1.345e-05,50453.6,5045.36,4933.14,0.0336924
1.35e-05,50440.7,5044.07,4933.6,0.0336924
1.355e-05,50428,5042.8,4934.05,0.0336924
1.36e-05,50415.4,5041.54,4934.5,0.0336924
1.365e-05,50403.1,5040.31,4934.94,0.0336924
1.37e-05,50391,5039.1,4935.37,0.0336924
1.375e-05,50379,5037.9,4935.8,0.0336924
1.38e-05,50367.3,5036.72,4936.22,0.0336924
1.385e-05,50355.7,5035.57,4936.63,0.0336924
1.39e-05,50344.3,5034.43,4937.03,0.0336924
1.395e-05,50333.1,5033.3,4937.43,0.0336924
1.4e-05,50322,5032.2,4937.83,0.0336924
1.405e-05,50311.1,5031.11,4938.21,0.0336924
1.41e-05,50300.4,5030.04,4938.59,0.0336924
1.415e-05,50289.9,5028.99,4938.97,0.0336924
1.42e-05,50279.5,5027.95,4939.34,0.0336924
1.425e-05,50269.3,5026.93,4939.7,0.0336924
1.43e-05,50259.3,5025.93,4940.06,0.0336924
1.435e-05,50249.4,5024.94,4940.41,0.0336924
1.44e-05,50239.6,5023.96,4940.76,0.0336924
1.445e-05,50230.1,5023,4941.1,0.0336924
1.45e-05,50220.6,5022.06,4941.44,0.0336924
1.455e-05,50211.3,5021.13,4941.77,0.0336924
1.46e-05,50202.2,5020.22,4942.09,0.0336924
1.465e-05,50193.2,5019.32,4942.41,0.0336924
1.47e-05,50184.3,5018.43,4942.73,0.0336924
1.475e-05,50175.6,5017.56,4943.04,0.0336924
1.48e-05,50167,5016.7,4943.34,0.0336924
1.485e-05,50158.6,5015.85,4943.64,0.0336924
1.49e-05,50150.2,5015.02,4943.94,0.0336924
1.495e-05,50142.1,5014.2,4944.23,0.0336924
1.5e-05,50134,5013.4,4944.52,0.0336924
1.505e-05,50126.1,5012.6,4944.8,0.0336924
1.51e-05,50118.2,5011.82,4945.08,0.0336924
1.515e-05,50110.6,5011.05,4945.35,0.0336924
1.52e-05,50103,5010.3,4945.62,0.0336924
1.525e-05,50095.5,5009.55,4945.89,0.0336924
1.53e-05,50088.2,5008.82,4946.15,0.0336924
1.535e-05,50081,5008.1,4946.41,0.0336924
1.54e-05,50073.9,5007.38,4946.66,0.0336924
1.545e-05,50066.9,5006.68,4946.91,0.0336924
1.55e-05,50060,5006,4947.15,0.0336924
1.555e-05,50053.2,5005.32,4947.4,0.0336924
1.56e-05,50046.5,5004.65,4947.63,0.0336924
1.565e-05,50040,5003.99,4947.87,0.0336924
1.57e-05,50033.5,5003.35,4948.1,0.0336924
1.575e-05,50027.1,5002.71,4948.32,0.0336924
1.58e-05,50020.9,5002.08,4948.55,0.0336924
1.585e-05,50014.7,5001.47,4948.77,0.0336924
1.59e-05,50008.6,5000.86,4948.98,0.0336924
1.595e-05,50002.6,5000.26,4949.19,0.0336924
1.6e-05,49996.8,4999.67,4949.4,0.0336924
1.605e-05,49991,4999.09,4949.61,0.0336924
1.61e-05,49985.3,4998.52,4949.81,0.0336924
1.615e-05,49979.6,4997.96,4950.01,0.0336924
1.62e-05,49974.1,4997.41,4950.21,0.0336924
1.625e-05,49968.7,4996.87,4950.4,0.0336924
1.63e-05,49963.3,4996.33,4950.59,0.0336924
1.635e-05,49958.1,4995.8,4950.78,0.0336924
1.64e-05,49952.9,4995.28,4950.97,0.0336924
1.645e-05,49947.8,4994.77,4951.15,0.0336924
1.65e-05,49942.7,4994.27,4951.33,0.0336924
1.655e-05,49937.8,4993.78,4951.5,0.0336924
1.66e-05,49932.9,4993.29,4951.68,0.0336924
1.665e-05,49928.1,4992.81,4951.85,0.0336924
1.67e-05,49923.4,4992.34,4952.02,0.0336924
1.675e-05,49918.8,4991.87,4952.18,0.0336924
1.68e-05,49914.2,4991.42,4952.34,0.0336924
1.685e-05,49909.7,4990.97,4952.5,0.0336924
1.69e-05,49905.2,4990.52,4952.66,0.0336924
1.695e-05,49900.9,4990.09,4952.82,0.0336924
1.7e-05,49896.6,4989.66,4952.97,0.0336924
1.705e-05,49892.4,4989.23,4953.12,0.0336924
1.71e-05,49888.2,4988.82,4953.27,0.0336924
1.715e-05,49884.1,4988.41,4953.41,0.0336924
1.72e-05,49880.1,4988,4953.56,0.0336924
1.725e-05,49876.1,4987.61,4953.7,0.0336924
1.73e-05,49872.2,4987.22,4953.84,0.0336924
1.735e-05,49868.3,4986.83,4953.97,0.0336924
1.74e-05,49864.6,4986.45,4954.11,0.0336924
1.745e-05,49860.8,4986.08,4954.24,0.0336924
1.75e-05,49857.2,4985.71,4954.37,0.0336924
1.755e-05,49853.5,4985.35,4954.5,0.0336924
1.76e-05,49850,4985,4954.63,0.0336924
1.765e-05,49846.5,4984.65,4954.75,0.0336924
1.77e-05,49843,4984.3,4954.88,0.0336924
1.775e-05,49839.7,4983.96,4955,0.0336924
1.78e-05,49836.3,4983.63,4955.11,0.0336924
1.785e-05,49833,4983.3,4955.23,0.0336924
1.79e-05,49829.8,4982.98,4955.35,0.0336924
1.795e-05,49826.6,4982.66,4955.46,0.0336924
1.8e-05,49823.5,4982.35,4955.57,0.0336924
1.805e-05,49820.4,4982.04,4955.68,0.0336924
1.81e-05,49817.4,4981.73,4955.79,0.0336924
1.815e-05,49814.4,4981.43,4955.9,0.0336924
1.82e-05,49811.4,4981.14,4956,0.0336924
1.825e-05,49808.5,4980.85,4956.1,0.0336924
1.83e-05,49805.7,4980.56,4956.21,0.0336924
1.835e-05,49802.9,4980.28,4956.31,0.0336924
1.84e-05,49800.1,4980.01,4956.4,0.0336924
1.845e-05,49797.4,4979.74,4956.5,0.0336924
1.85e-05,49794.7,4979.47,4956.6,0.0336924
1.855e-05,49792.1,4979.2,4956.69,0.0336924
1.86e-05,49789.5,4978.94,4956.78,0.0336924
1.865e-05,49786.9,4978.69,4956.87,0.0336924
1.87e-05,49784.4,4978.44,4956.96,0.0336924
1.875e-05,49781.9,4978.19,4957.05,0.0336924
1.88e-05,49779.5,4977.95,4957.14,0.0336924
1.885e-05,49777.1,4977.71,4957.22,0.0336924
1.89e-05,49774.7,4977.47,4957.31,0.0336924
1.895e-05,49772.4,4977.24,4957.39,0.0336924
1.9e-05,49770.1,4977.01,4957.47,0.0336924
1.905e-05,49767.9,4976.78,4957.55,0.0336924
1.91e-05,49765.6,4976.56,4957.63,0.0336924
1.915e-05,49763.5,4976.34,4957.71,0.0336924
1.92e-05,49761.3,4976.13,4957.78,0.0336924
1.925e-05,49759.2,4975.92,4957.86,0.0336924
1.93e-05,49757.1,4975.71,4957.93,0.0336924
1.935e-05,49755.1,4975.51,4958.01,0.0336924
1.94e-05,49753.1,4975.3,4958.08,0.0336924
1.945e-05,49751.1,4975.1,4958.15,0.0336924
1.95e-05,49749.1,4974.91,4958.22,0.0336924
1.955e-05,49747.2,4974.72,4958.29,0.0336924
1.96e-05,49745.3,4974.53,4958.35,0.0336924
1.965e-05,49743.4,4974.34,4958.42,0.0336924
1.97e-05,49741.6,4974.16,4958.49,0.0336924
1.975e-05,49739.8,4973.98,4958.55,0.0336924
1.98e-05,49738,4973.8,4958.61,0.0336924
1.985e-05,49736.3,4973.62,4958.67,0.0336924
1.99e-05,49734.5,4973.45,4958.74,0.0336924
1.995e-05,49732.8,4973.28,4958.8,0.0336924
2e-05,49731.2,4973.12,4958.86,0.0336924
2.005e-05,49729.5,4972.95,4958.91,0.0336924
2.01e-05,49727.9,4972.79,4958.97,0.0336924
2.015e-05,49726.3,4972.63,4959.03,0.0336924
2.02e-05,49724.8,4972.47,4959.08,0.0336924
2.025e-05,49723.2,4972.32,4959.14,0.0336924
2.03e-05,49721.7,4972.17,4959.19,0.0336924
2.035e-05,49720.2,4972.02,4959.25,0.0336924
2.04e-05,49718.7,4971.87,4959.3,0.0336924
2.045e-05,49717.3,4971.73,4959.35,0.0336924
2.05e-05,49715.9,4971.58,4959.4,0.0336924
2.055e-05,49714.4,4971.44,4959.45,0.0336924
2.06e-05,49713.1,4971.3,4959.5,0.0336924
2.065e-05,49711.7,4971.17,4959.55,0.0336924
2.07e-05,49710.4,4971.03,4959.6,0.0336924
2.075e-05,49709,4970.9,4959.64,0.0336924
2.08e-05,49707.7,4970.77,4959.69,0.0336924
2.085e-05,49706.5,4970.64,4959.74,0.0336924
2.09e-05,49705.2,4970.52,4959.78,0.0336924
2.095e-05,49704,4970.4,4959.82,0.0336924
2.1e-05,49702.8,4970.27,4959.87,0.0336924
2.105e-05,49701.6,4970.15,4959.91,0.0336924
2.11e-05,49700.4,4970.04,4959.95,0.0336924
2.115e-05,49699.2,4969.92,4959.99,0.0336924
2.12e-05,49698.1,4969.8,4960.03,0.0336924
2.125e-05,49696.9,4969.69,4960.07,0.0336924
2.13e-05,49695.8,4969.58,4960.11,0.0336924
2.135e-05,49694.7,4969.47,4960.15,0.0336924
2.14e-05,49693.7,4969.36,4960.19,0.0336924
2.145e-05,49692.6,4969.26,4960.23,0.0336924
2.15e-05,49691.6,4969.16,4960.27,0.0336924
2.155e-05,49690.5,4969.05,4960.3,0.0336924
2.16e-05,49689.5,4968.95,4960.34,0.0336924
2.165e-05,49688.5,4968.85,4960.37,0.0336924
2.17e-05,49687.6,4968.75,4960.41,0.0336924
2.175e-05,49686.6,4968.66,4960.44,0.0336924
2.18e-05,49685.7,4968.56,4960.48,0.0336924
2.185e-05,49684.7,4968.47,4960.51,0.0336924
2.19e-05,49683.8,4968.38,4960.54,0.0336924
2.195e-05,49682.9,4968.29,4960.57,0.0336924
2.2e-05,49682,4968.2,4960.61,0.0336924
2.205e-05,49681.1,4968.11,4960.64,0.0336924
2.21e-05,49680.3,4968.03,4960.67,0.0336924
2.215e-05,49679.4,4967.94,4960.7,0.0336924
2.22e-05,49678.6,4967.86,4960.73,0.0336924
2.225e-05,49677.8,4967.78,4960.76,0.0336924
2.23e-05,49677,4967.69,4960.79,0.0336924
2.235e-05,49676.2,4967.61,4960.81,0.0336924
2.24e-05,49675.4,4967.54,4960.84,0.0336924
2.245e-05,49674.6,4967.46,4960.87,0.0336924
2.25e-05,49673.9,4967.38,4960.9,0.0336924
2.255e-05,49673.1,4967.31,4960.92,0.0336924
2.26e-05,49672.4,4967.23,4960.95,0.0336924
2.265e-05,49671.6,4967.16,4960.97,0.0336924
2.27e-05,49670.9,4967.09,4961,0.0336924
2.275e-05,49670.2,4967.02,4961.02,0.0336924
2.28e-05,49669.5,4966.95,4961.05,0.0336924
2.285e-05,49668.9,4966.88,4961.07,0.0336924
2.29e-05,49668.2,4966.82,4961.1,0.0336924
2.295e-05,49667.5,4966.75,4961.12,0.0336924
2.3e-05,49666.9,4966.69,4961.14,0.0336924
2.305e-05,49666.2,4966.62,4961.17,0.0336924
2.31e-05,49665.6,4966.56,4961.19,0.0336924
2.315e-05,49665,4966.5,4961.21,0.0336924
2.32e-05,49664.4,4966.44,4961.23,0.0336924
2.325e-05,49663.8,4966.38,4961.25,0.0336924
2.33e-05,49663.2,4966.32,4961.28,0.0336924
2.335e-05,49662.6,4966.26,4961.3,0.0336924
2.34e-05,49662,4966.2,4961.32,0.0336924
2.345e-05,49661.5,4966.15,4961.34,0.0336924
2.35e-05,49660.9,4966.09,4961.36,0.0336924
2.355e-05,49660.4,4966.04,4961.38,0.0336924
2.36e-05,49659.8,4965.98,4961.39,0.0336924
2.365e-05,49659.3,4965.93,4961.41,0.0336924
2.37e-05,49658.8,4965.88,4961.43,0.0336924
2.375e-05,49658.3,4965.83,4961.45,0.0336924
2.38e-05,49657.8,4965.78,4961.47,0.0336924
2.385e-05,49657.3,4965.73,4961.49,0.0336924
2.39e-05,49656.8,4965.68,4961.5,0.0336924
2.395e-05,49656.3,4965.63,4961.52,0.0336924
2.4e-05,49655.8,4965.58,4961.54,0.0336924
2.405e-05,49655.4,4965.53,4961.55,0.0336924
2.41e-05,49654.9,4965.49,4961.57,0.0336924
2.415e-05,49654.5,4965.44,4961.59,0.0336924
2.42e-05,49654,4965.4,4961.6,0.0336924
2.425e-05,49653.6,4965.36,4961.62,0.0336924
2.43e-05,49653.1,4965.31,4961.63,0.0336924
2.435e-05,49652.7,4965.27,4961.65,0.0336924
2.44e-05,49652.3,4965.23,4961.66,0.0336924
2.445e-05,49651.9,4965.19,4961.68,0.0336924
2.45e-05,49651.5,4965.15,4961.69,0.0336924
2.455e-05,49651.1,4965.11,4961.71,0.0336924
2.46e-05,49650.7,4965.07,4961.72,0.0336924
2.465e-05,49650.3,4965.03,4961.73,0.0336924
2.47e-05,49649.9,4964.99,4961.75,0.0336924
2.475e-05,49649.6,4964.95,4961.76,0.0336924
2.48e-05,49649.2,4964.92,4961.77,0.0336924
2.485e-05,49648.8,4964.88,4961.79,0.0336924
2.49e-05,49648.5,4964.85,4961.8,0.0336924
2.495e-05,49648.1,4964.81,4961.81,0.0336924
2.5e-05,49647.8,4964.78,4961.82,0.0336924
2.505e-05,49647.4,4964.74,4961.84,0.0336924
2.51e-05,49647.1,4964.71,4961.85,0.0336924
2.515e-05,49646.8,4964.67,4961.86,0.0336924
2.52e-05,49646.4,4964.64,4961.87,0.0336924
2.525e-05,49646.1,4964.61,4961.88,0.0336924
2.53e-05,49645.8,4964.58,4961.89,0.0336924
2.535e-05,49645.5,4964.55,4961.9,0.0336924
2.54e-05,49645.2,4964.52,4961.92,0.0336924
2.545e-05,49644.9,4964.49,4961.93,0.0336924
2.55e-05,49644.6,4964.46,4961.94,0.0336924
2.555e-05,49644.3,4964.43,4961.95,0.0336924
2.56e-05,49644,4964.4,4961.96,0.0336924
2.565e-05,49643.7,4964.37,4961.97,0.0336924
2.57e-05,49643.5,4964.34,4961.98,0.0336924
2.575e-05,49643.2,4964.32,4961.99,0.0336924
2.58e-05,49642.9,4964.29,4962,0.0336924
2.585e-05,49642.7,4964.26,4962.01,0.0336924
2.59e-05,49642.4,4964.24,4962.02,0.0336924
2.595e-05,49642.1,4964.21,4962.02,0.0336924
2.6e-05,49641.9,4964.19,4962.03,0.0336924
2.605e-05,49641.6,4964.16,4962.04,0.0336924
2.61e-05,49641.4,4964.14,4962.05,0.0336924
2.615e-05,49641.2,4964.11,4962.06,0.0336924
2.62e-05,49640.9,4964.09,4962.07,0.0336924
2.625e-05,49640.7,4964.07,4962.08,0.0336924
2.63e-05,49640.5,4964.04,4962.08,0.0336924
2.635e-05,49640.2,4964.02,4962.09,0.0336924
2.64e-05,49640,4964,4962.1,0.0336924
2.645e-05,49639.8,4963.98,4962.11,0.0336924
2.65e-05,49639.6,4963.96,4962.12,0.0336924
2.655e-05,49639.4,4963.93,4962.12,0.0336924
2.66e-05,49639.2,4963.91,4962.13,0.0336924
2.665e-05,49639,4963.89,4962.14,0.0336924
2.67e-05,49638.8,4963.87,4962.15,0.0336924
2.675e-05,49638.6,4963.85,4962.15,0.0336924
2.68e-05,49638.4,4963.83,4962.16,0.0336924
2.685e-05,49638.2,4963.81,4962.17,0.0336924
2.69e-05,49638,4963.79,4962.17,0.0336924
2.695e-05,49637.8,4963.78,4962.18,0.0336924
2.7e-05,49637.6,4963.76,4962.19,0.0336924
2.705e-05,49637.4,4963.74,4962.19,0.0336924
2.71e-05,49637.2,4963.72,4962.2,0.0336924
2.715e-05,49637.1,4963.7,4962.2,0.0336924
2.72e-05,49636.9,4963.69,4962.21,0.0336924
2.725e-05,49636.7,4963.67,4962.22,0.0336924
2.73e-05,49636.6,4963.65,4962.22,0.0336924
2.735e-05,49636.4,4963.64,4962.23,0.0336924
2.74e-05,49636.2,4963.62,4962.23,0.0336924
2.745e-05,49636.1,4963.6,4962.24,0.0336924
2.75e-05,49635.9,4963.59,4962.25,0.0336924
2.755e-05,49635.8,4963.57,4962.25,0.0336924
2.76e-05,49635.6,4963.56,4962.26,0.0336924
2.765e-05,49635.5,4963.54,4962.26,0.0336924
2.77e-05,49635.3,4963.53,4962.27,0.0336924
2.775e-05,49635.2,4963.51,4962.27,0.0336924
2.78e-05,49635,4963.5,4962.28,0.0336924
2.785e-05,49634.9,4963.49,4962.28,0.0336924
2.79e-05,49634.7,4963.47,4962.29,0.0336924
2.795e-05,49634.6,4963.46,4962.29,0.0336924
2.8e-05,49634.5,4963.44,4962.3,0.0336924
2.805e-05,49634.3,4963.43,4962.3,0.0336924
2.81e-05,49634.2,4963.42,4962.31,0.0336924
2.815e-05,49634.1,4963.41,4962.31,0.0336924
2.82e-05,49634,4963.39,4962.32,0.0336924
2.825e-05,49633.8,4963.38,4962.32,0.0336924
2.83e-05,49633.7,4963.37,4962.32,0.0336924
2.835e-05,49633.6,4963.36,4962.33,0.0336924
2.84e-05,49633.5,4963.34,4962.33,0.0336924
2.845e-05,49633.4,4963.33,4962.34,0.0336924
2.85e-05,49633.2,4963.32,4962.34,0.0336924
2.855e-05,49633.1,4963.31,4962.35,0.0336924
2.86e-05,49633,4963.3,4962.35,0.0336924
2.865e-05,49632.9,4963.29,4962.35,0.0336924
2.87e-05,49632.8,4963.28,4962.36,0.0336924
2.875e-05,49632.7,4963.27,4962.36,0.0336924
2.88e-05,49632.6,4963.26,4962.36,0.0336924
2.885e-05,49632.5,4963.25,4962.37,0.0336924
2.89e-05,49632.4,4963.24,4962.37,0.0336924
2.895e-05,49632.3,4963.23,4962.38,0.0336924
2.9e-05,49632.2,4963.22,4962.38,0.0336924
2.905e-05,49632.1,4963.21,4962.38,0.0336924
2.91e-05,49632,4963.2,4962.39,0.0336924
2.915e-05,49631.9,4963.19,4962.39,0.0336924
2.92e-05,49631.8,4963.18,4962.39,0.0336924
2.925e-05,49631.7,4963.17,4962.4,0.0336924
2.93e-05,49631.6,4963.16,4962.4,0.0336924
2.935e-05,49631.5,4963.15,4962.4,0.0336924
2.94e-05,49631.5,4963.14,4962.4,0.0336924
2.945e-05,49631.4,4963.13,4962.41,0.0336924
2.95e-05,49631.3,4963.13,4962.41,0.0336924
2.955e-05,49631.2,4963.12,4962.41,0.0336924
2.96e-05,49631.1,4963.11,4962.42,0.0336924
2.965e-05,49631,4963.1,4962.42,0.0336924
2.97e-05,49631,4963.09,4962.42,0.0336924
2.975e-05,49630.9,4963.09,4962.42,0.0336924
2.98e-05,49630.8,4963.08,4962.43,0.0336924
2.985e-05,49630.7,4963.07,4962.43,0.0336924
2.99e-05,49630.7,4963.06,4962.43,0.0336924
2.995e-05,49630.6,4963.06,4962.44,0.0336924
3e-05,49630.5,4963.05,4962.44,0.0336924
3.005e-05,49630.4,4963.04,4962.44,0.0336924
3.01e-05,49630.4,4963.04,4962.44,0.0336924
3.015e-05,49630.3,4963.03,4962.45,0.0336924
3.02e-05,49630.2,4963.02,4962.45,0.0336924
3.025e-05,49630.2,4963.01,4962.45,0.0336924
3.03e-05,49630.1,4963.01,4962.45,0.0336924
3.035e-05,49630,4963,4962.45,0.0336924
3.04e-05,49630,4963,4962.46,0.0336924
3.045e-05,49629.9,4962.99,4962.46,0.0336924
3.05e-05,49629.9,4962.98,4962.46,0.0336924
3.055e-05,49629.8,4962.98,4962.46,0.0336924
3.06e-05,49629.7,4962.97,4962.47,0.0336924
3.065e-05,49629.7,4962.97,4962.47,0.0336924
3.07e-05,49629.6,4962.96,4962.47,0.0336924
3.075e-05,49629.6,4962.95,4962.47,0.0336924
3.08e-05,49629.5,4962.95,4962.47,0.0336924
3.085e-05,49629.5,4962.94,4962.48,0.0336924
3.09e-05,49629.4,4962.94,4962.48,0.0336924
3.095e-05,49629.3,4962.93,4962.48,0.0336924
3.1e-05,49629.3,4962.93,4962.48,0.0336924
3.105e-05,49629.2,4962.92,4962.48,0.0336924
3.11e-05,49629.2,4962.92,4962.49,0.0336924
3.115e-05,49629.1,4962.91,4962.49,0.0336924
3.12e-05,49629.1,4962.91,4962.49,0.0336924
3.125e-05,49629,4962.9,4962.49,0.0336924
3.13e-05,49629,4962.9,4962.49,0.0336924
3.135e-05,49629,4962.89,4962.49,0.0336924
3.14e-05,49628.9,4962.89,4962.5,0.0336924
3.145e-05,49628.9,4962.88,4962.5,0.0336924
3.15e-05,49628.8,4962.88,4962.5,0.0336924
3.155e-05,49628.8,4962.87,4962.5,0.0336924
3.16e-05,49628.7,4962.87,4962.5,0.0336924
3.165e-05,49628.7,4962.87,4962.5,0.0336924
3.17e-05,49628.6,4962.86,4962.5,0.0336924
3.175e-05,49628.6,4962.86,4962.51,0.0336924
3.18e-05,49628.6,4962.85,4962.51,0.0336924
3.185e-05,49628.5,4962.85,4962.51,0.0336924
3.19e-05,49628.5,4962.85,4962.51,0.0336924
3.195e-05,49628.4,4962.84,4962.51,0.0336924
3.2e-05,49628.4,4962.84,4962.51,0.0336924
3.205e-05,49628.4,4962.83,4962.51,0.0336924
3.21e-05,49628.3,4962.83,4962.52,0.0336924
3.215e-05,49628.3,4962.83,4962.52,0.0336924
3.22e-05,49628.3,4962.82,4962.52,0.0336924
3.225e-05,49628.2,4962.82,4962.52,0.0336924
3.23e-05,49628.2,4962.82,4962.52,0.0336924
3.235e-05,49628.2,4962.81,4962.52,0.0336924
3.24e-05,49628.1,4962.81,4962.52,0.0336924
3.245e-05,49628.1,4962.81,4962.52,0.0336924
3.25e-05,49628.1,4962.8,4962.53,0.0336924
3.255e-05,49628,4962.8,4962.53,0.0336924
3.26e-05,49628,4962.8,4962.53,0.0336924
3.265e-05,49628,4962.79,4962.53,0.0336924
3.27e-05,49627.9,4962.79,4962.53,0.0336924
3.275e-05,49627.9,4962.79,4962.53,0.0336924
3.28e-05,49627.9,4962.78,4962.53,0.0336924
3.285e-05,49627.8,4962.78,4962.53,0.0336924
3.29e-05,49627.8,4962.78,4962.53,0.0336924
3.295e-05,49627.8,4962.78,4962.54,0.0336924
3.3e-05,49627.8,4962.77,4962.54,0.0336924
3.305e-05,49627.7,4962.77,4962.54,0.0336924
3.31e-05,49627.7,4962.77,4962.54,0.0336924
3.315e-05,49627.7,4962.77,4962.54,0.0336924
3.32e-05,49627.7,4962.76,4962.54,0.0336924
3.325e-05,49627.6,4962.76,4962.54,0.0336924
3.33e-05,49627.6,4962.76,4962.54,0.0336924
3.335e-05,49627.6,4962.76,4962.54,0.0336924
3.34e-05,49627.6,4962.75,4962.54,0.0336924
3.345e-05,49627.5,4962.75,4962.54,0.0336924
3.35e-05,49627.5,4962.75,4962.55,0.0336924
3.355e-05,49627.5,4962.75,4962.55,0.0336924
3.36e-05,49627.5,4962.74,4962.55,0.0336924
3.365e-05,49627.4,4962.74,4962.55,0.0336924
3.37e-05,49627.4,4962.74,4962.55,0.0336924
3.375e-05,49627.4,4962.74,4962.55,0.0336924
3.38e-05,49627.4,4962.73,4962.55,0.0336924
3.385e-05,49627.3,4962.73,4962.55,0.0336924
3.39e-05,49627.3,4962.73,4962.55,0.0336924
3.395e-05,49627.3,4962.73,4962.55,0.0336924
3.4e-05,49627.3,4962.73,4962.55,0.0336924
3.405e-05,49627.3,4962.72,4962.55,0.0336924
3.41e-05,49627.2,4962.72,4962.55,0.0336924
3.415e-05,49627.2,4962.72,4962.56,0.0336924
3.42e-05,49627.2,4962.72,4962.56,0.0336924
3.425e-05,49627.2,4962.72,4962.56,0.0336924
3.43e-05,49627.2,4962.71,4962.56,0.0336924
3.435e-05,49627.2,4962.71,4962.56,0.0336924
3.44e-05,49627.1,4962.71,4962.56,0.0336924
3.445e-05,49627.1,4962.71,4962.56,0.0336924
3.45e-05,49627.1,4962.71,4962.56,0.0336924
3.455e-05,49627.1,4962.71,4962.56,0.0336924
3.46e-05,49627.1,4962.7,4962.56,0.0336924
3.465e-05,49627,4962.7,4962.56,0.0336924
3.47e-05,49627,4962.7,4962.56,0.0336924
3.475e-05,49627,4962.7,4962.56,0.0336924
3.48e-05,49627,4962.7,4962.56,0.0336924
3.485e-05,49627,4962.7,4962.56,0.0336924
3.49e-05,49627,4962.69,4962.56,0.0336924
3.495e-05,49627,4962.69,4962.56,0.0336924
3.5e-05,49626.9,4962.69,4962.57,0.0336924
3.505e-05,49626.9,4962.69,4962.57,0.0336924
3.51e-05,49626.9,4962.69,4962.57,0.0336924
3.515e-05,49626.9,4962.69,4962.57,0.0336924
3.52e-05,49626.9,4962.69,4962.57,0.0336924
3.525e-05,49626.9,4962.68,4962.57,0.0336924
3.53e-05,49626.9,4962.68,4962.57,0.0336924
3.535e-05,49626.8,4962.68,4962.57,0.0336924
3.54e-05,49626.8,4962.68,4962.57,0.0336924
3.545e-05,49626.8,4962.68,4962.57,0.0336924
3.55e-05,49626.8,4962.68,4962.57,0.0336924
3.555e-05,49626.8,4962.68,4962.57,0.0336924
3.56e-05,49626.8,4962.68,4962.57,0.0336924
3.565e-05,49626.8,4962.67,4962.57,0.0336924
3.57e-05,49626.8,4962.67,4962.57,0.0336924
3.575e-05,49626.7,4962.67,4962.57,0.0336924
3.58e-05,49626.7,4962.67,4962.57,0.0336924
3.585e-05,49626.7,4962.67,4962.57,0.0336924
3.59e-05,49626.7,4962.67,4962.57,0.0336924
3.595e-05,49626.7,4962.67,4962.57,0.0336924
3.6e-05,49626.7,4962.67,4962.57,0.0336924
3.605e-05,49626.7,4962.67,4962.57,0.0336924
3.61e-05,49626.7,4962.66,4962.58,0.0336924
3.615e-05,49626.7,4962.66,4962.58,0.0336924
3.62e-05,49626.6,4962.66,4962.58,0.0336924
3.625e-05,49626.6,4962.66,4962.58,0.0336924
3.63e-05,49626.6,4962.66,4962.58,0.0336924
3.635e-05,49626.6,4962.66,4962.58,0.0336924
3.64e-05,49626.6,4962.66,4962.58,0.0336924
3.645e-05,49626.6,4962.66,4962.58,0.0336924
3.65e-05,49626.6,4962.66,4962.58,0.0336924
3.655e-05,49626.6,4962.66,4962.58,0.0336924
3.66e-05,49626.6,4962.65,4962.58,0.0336924
3.665e-05,49626.6,4962.65,4962.58,0.0336924
3.67e-05,49626.6,4962.65,4962.58,0.0336924
3.675e-05,49626.5,4962.65,4962.58,0.0336924
3.68e-05,49626.5,4962.65,4962.58,0.0336924
3.685e-05,49626.5,4962.65,4962.58,0.0336924
3.69e-05,49626.5,4962.65,4962.58,0.0336924
3.695e-05,49626.5,4962.65,4962.58,0.0336924
3.7e-05,49626.5,4962.65,4962.58,0.0336924
3.705e-05,49626.5,4962.65,4962.58,0.0336924
3.71e-05,49626.5,4962.65,4962.58,0.0336924
3.715e-05,49626.5,4962.65,4962.58,0.0336924
3.72e-05,49626.5,4962.65,4962.58,0.0336924
3.725e-05,49626.5,4962.64,4962.58,0.0336924
3.73e-05,49626.5,4962.64,4962.58,0.0336924
3.735e-05,49626.5,4962.64,4962.58,0.0336924
3.74e-05,49626.4,4962.64,4962.58,0.0336924
3.745e-05,49626.4,4962.64,4962.58,0.0336924
3.75e-05,49626.4,4962.64,4962.58,0.0336924
3.755e-05,49626.4,4962.64,4962.58,0.0336924
3.76e-05,49626.4,4962.64,4962.58,0.0336924
3.765e-05,49626.4,4962.64,4962.58,0.0336924
3.77e-05,49626.4,4962.64,4962.58,0.0336924
3.775e-05,49626.4,4962.64,4962.58,0.0336924
3.78e-05,49626.4,4962.64,4962.58,0.0336924
3.785e-05,49626.4,4962.64,4962.58,0.0336924
3.79e-05,49626.4,4962.64,4962.59,0.0336924
3.795e-05,49626.4,4962.64,4962.59,0.0336924
3.8e-05,49626.4,4962.63,4962.59,0.0336924
3.805e-05,49626.4,4962.63,4962.59,0.0336924
3.81e-05,49626.4,4962.63,4962.59,0.0336924
3.815e-05,49626.4,4962.63,4962.59,0.0336924
3.82e-05,49626.3,4962.63,4962.59,0.0336924
3.825e-05,49626.3,4962.63,4962.59,0.0336924
3.83e-05,49626.3,4962.63,4962.59,0.0336924
3.835e-05,49626.3,4962.63,4962.59,0.0336924
3.84e-05,49626.3,4962.63,4962.59,0.0336924
3.845e-05,49626.3,4962.63,4962.59,0.0336924
3.85e-05,49626.3,4962.63,4962.59,0.0336924
3.855e-05,49626.3,4962.63,4962.59,0.0336924
3.86e-05,49626.3,4962.63,4962.59,0.0336924
3.865e-05,49626.3,4962.63,4962.59,0.0336924
3.87e-05,49626.3,4962.63,4962.59,0.0336924
3.875e-05,49626.3,4962.63,4962.59,0.0336924
3.88e-05,49626.3,4962.63,4962.59,0.0336924
3.885e-05,49626.3,4962.63,4962.59,0.0336924
3.89e-05,49626.3,4962.63,4962.59,0.0336924
3.895e-05,49626.3,4962.63,4962.59,0.0336924
3.9e-05,49626.3,4962.62,4962.59,0.0336924
3.905e-05,49626.3,4962.62,4962.59,0.0336924
3.91e-05,49626.3,4962.62,4962.59,0.0336924
3.915e-05,49626.3,4962.62,4962.59,0.0336924
3.92e-05,49626.3,4962.62,4962.59,0.0336924
3.925e-05,49626.3,4962.62,4962.59,0.0336924
3.93e-05,49626.2,4962.62,4962.59,0.0336924
3.935e-05,49626.2,4962.62,4962.59,0.0336924
3.94e-05,49626.2,4962.62,4962.59,0.0336924
3.945e-05,49626.2,4962.62,4962.59,0.0336924
3.95e-05,49626.2,4962.62,4962.59,0.0336924
3.955e-05,49626.2,4962.62,4962.59,0.0336924
3.96e-05,49626.2,4962.62,4962.59,0.0336924
3.965e-05,49626.2,4962.62,4962.59,0.0336924
3.97e-05,49626.2,4962.62,4962.59,0.0336924
3.975e-05,49626.2,4962.62,4962.59,0.0336924
3.98e-05,49626.2,4962.62,4962.59,0.0336924
3.985e-05,49626.2,4962.62,4962.59,0.0336924
3.99e-05,49626.2,4962.62,4962.59,0.0336924
3.995e-05,49626.2,4962.62,4962.59,0.0336924
4e-05,49626.2,4962.62,4962.59,0.0336924
4.005e-05,49626.2,4962.62,4962.59,0.0336924
4.01e-05,49626.2,4962.62,4962.59,0.0336924
4.015e-05,49626.2,4962.62,4962.59,0.0336924
4.02e-05,49626.2,4962.62,4962.59,0.0336924
4.025e-05,49626.2,4962.62,4962.59,0.0336924
4.03e-05,49626.2,4962.62,4962.59,0.0336924
4.035e-05,49626.2,4962.62,4962.59,0.0336924
4.04e-05,49626.2,4962.62,4962.59,0.0336924
4.045e-05,49626.2,4962.62,4962.59,0.0336924
4.05e-05,49626.2,4962.61,4962.59,0.0336924
4.055e-05,49626.2,4962.61,4962.59,0.0336924
4.06e-05,49626.2,4962.61,4962.59,0.0336924
4.065e-05,49626.2,4962.61,4962.59,0.0336924
4.07e-05,49626.2,4962.61,4962.59,0.0336924
4.075e-05,49626.2,4962.61,4962.59,0.0336924
4.08e-05,49626.2,4962.61,4962.59,0.0336924
4.085e-05,49626.2,4962.61,4962.59,0.0336924
4.09e-05,49626.2,4962.61,4962.59,0.0336924
4.095e-05,49626.2,4962.61,4962.59,0.0336924
4.1e-05,49626.1,4962.61,4962.59,0.0336924
4.105e-05,49626.1,4962.61,4962.59,0.0336924
4.11e-05,49626.1,4962.61,4962.59,0.0336924
4.115e-05,49626.1,4962.61,4962.59,0.0336924
4.12e-05,49626.1,4962.61,4962.59,0.0336924
4.125e-05,49626.1,4962.61,4962.59,0.0336924
4.13e-05,49626.1,4962.61,4962.59,0.0336924
4.135e-05,49626.1,4962.61,4962.59,0.0336924
4.14e-05,49626.1,4962.61,4962.59,0.0336924
4.145e-05,49626.1,4962.61,4962.59,0.0336924
4.15e-05,49626.1,4962.61,4962.59,0.0336924
4.155e-05,49626.1,4962.61,4962.59,0.0336924
4.16e-05,49626.1,4962.61,4962.59,0.0336924
4.165e-05,49626.1,4962.61,4962.59,0.0336924
4.17e-05,49626.1,4962.61,4962.59,0.0336924
4.175e-05,49626.1,4962.61,4962.59,0.0336924
4.18e-05,49626.1,4962.61,4962.59,0.0336924
4.185e-05,49626.1,4962.61,4962.59,0.0336924
4.19e-05,49626.1,4962.61,4962.59,0.0336924
4.195e-05,49626.1,4962.61,4962.59,0.0336924
4.2e-05,49626.1,4962.61,4962.59,0.0336924
4.205e-05,49626.1,4962.61,4962.59,0.0336924
4.21e-05,49626.1,4962.61,4962.59,0.0336924
4.215e-05,49626.1,4962.61,4962.59,0.0336924
4.22e-05,49626.1,4962.61,4962.6,0.0336924
4.225e-05,49626.1,4962.61,4962.6,0.0336924
4.23e-05,49626.1,4962.61,4962.6,0.0336924
4.235e-05,49626.1,4962.61,4962.6,0.0336924
4.24e-05,49626.1,4962.61,4962.6,0.0336924
4.245e-05,49626.1,4962.61,4962.6,0.0336924
4.25e-05,49626.1,4962.61,4962.6,0.0336924
4.255e-05,49626.1,4962.61,4962.6,0.0336924
4.26e-05,49626.1,4962.61,4962.6,0.0336924
4.265e-05,49626.1,4962.61,4962.6,0.0336924
4.27e-05,49626.1,4962.61,4962.6,0.0336924
4.275e-05,49626.1,4962.61,4962.6,0.0336924
4.28e-05,49626.1,4962.61,4962.6,0.0336924
4.285e-05,49626.1,4962.61,4962.6,0.0336924
4.29e-05,49626.1,4962.61,4962.6,0.0336924
4.295e-05,49626.1,4962.61,4962.6,0.0336924
4.3e-05,49626.1,4962.61,4962.6,0.0336924
4.305e-05,49626.1,4962.61,4962.6,0.0336924
4.31e-05,49626.1,4962.61,4962.6,0.0336924
4.315e-05,49626.1,4962.61,4962.6,0.0336924
4.32e-05,49626.1,4962.61,4962.6,0.0336924
4.325e-05,49626.1,4962.61,4962.6,0.0336924
4.33e-05,49626.1,4962.61,4962.6,0.0336924
4.335e-05,49626.1,4962.61,4962.6,0.0336924
4.34e-05,49626.1,4962.61,4962.6,0.0336924
4.345e-05,49626.1,4962.6,4962.6,0.0336924
4.35e-05,49626.1,4962.6,4962.6,0.0336924
4.355e-05,49626.1,4962.6,4962.6,0.0336924
4.36e-05,49626.1,4962.6,4962.6,0.0336924
4.365e-05,49626.1,4962.6,4962.6,0.0336924
4.37e-05,49626.1,4962.6,4962.6,0.0336924
4.375e-05,49626.1,4962.6,4962.6,0.0336924
4.38e-05,49626.1,4962.6,4962.6,0.0336924
4.385e-05,49626.1,4962.6,4962.6,0.0336924
4.39e-05,49626.1,4962.6,4962.6,0.0336924
4.395e-05,49626.1,4962.6,4962.6,0.0336924
4.4e-05,49626.1,4962.6,4962.6,0.0336924
4.405e-05,49626.1,4962.6,4962.6,0.0336924
4.41e-05,49626.1,4962.6,4962.6,0.0336924
4.415e-05,49626.1,4962.6,4962.6,0.0336924
4.42e-05,49626.1,4962.6,4962.6,0.0336924
4.425e-05,49626.1,4962.6,4962.6,0.0336924
4.43e-05,49626.1,4962.6,4962.6,0.0336924
4.435e-05,49626.1,4962.6,4962.6,0.0336924
4.44e-05,49626.1,4962.6,4962.6,0.0336924
4.445e-05,49626.1,4962.6,4962.6,0.0336924
4.45e-05,49626.1,4962.6,4962.6,0.0336924
4.455e-05,49626.1,4962.6,4962.6,0.0336924
4.46e-05,49626.1,4962.6,4962.6,0.0336924
4.465e-05,49626.1,4962.6,4962.6,0.0336924
4.47e-05,49626.1,4962.6,4962.6,0.0336924
4.475e-05,49626.1,4962.6,4962.6,0.0336924
4.48e-05,49626.1,4962.6,4962.6,0.0336924
4.485e-05,49626,4962.6,4962.6,0.0336924
4.49e-05,49626,4962.6,4962.6,0.0336924
4.495e-05,49626,4962.6,4962.6,0.0336924
4.5e-05,49626,4962.6,4962.6,0.0336924
4.505e-05,49626,4962.6,4962.6,0.0336924
4.51e-05,49626,4962.6,4962.6,0.0336924
4.515e-05,49626,4962.6,4962.6,0.0336924
4.52e-05,49626,4962.6,4962.6,0.0336924
4.525e-05,49626,4962.6,4962.6,0.0336924
4.53e-05,49626,4962.6,4962.6,0.0336924
4.535e-05,49626,4962.6,4962.6,0.0336924
4.54e-05,49626,4962.6,4962.6,0.0336924
4.545e-05,49626,4962.6,4962.6,0.0336924
4.55e-05,49626,4962.6,4962.6,0.0336924
4.555e-05,49626,4962.6,4962.6,0.0336924
4.56e-05,49626,4962.6,4962.6,0.0336924
4.565e-05,49626,4962.6,4962.6,0.0336924
4.57e-05,49626,4962.6,4962.6,0.0336924
4.575e-05,49626,4962.6,4962.6,0.0336924
4.58e-05,49626,4962.6,4962.6,0.0336924
4.585e-05,49626,4962.6,4962.6,0.0336924
4.59e-05,49626,4962.6,4962.6,0.0336924
4.595e-05,49626,4962.6,4962.6,0.0336924
4.6e-05,49626,4962.6,4962.6,0.0336924
4.605e-05,49626,4962.6,4962.6,0.0336924
4.61e-05,49626,4962.6,4962.6,0.0336924
4.615e-05,49626,4962.6,4962.6,0.0336924
4.62e-05,49626,4962.6,4962.6,0.0336924
4.625e-05,49626,4962.6,4962.6,0.0336924
4.63e-05,49626,4962.6,4962.6,0.0336924
4.635e-05,49626,4962.6,4962.6,0.0336924
4.64e-05,49626,4962.6,4962.6,0.0336924
4.645e-05,49626,4962.6,4962.6,0.0336924
4.65e-05,49626,4962.6,4962.6,0.0336924
4.655e-05,49626,4962.6,4962.6,0.0336924
4.66e-05,49626,4962.6,4962.6,0.0336924
4.665e-05,49626,4962.6,4962.6,0.0336924
4.67e-05,49626,4962.6,4962.6,0.0336924
4.675e-05,49626,4962.6,4962.6,0.0336924
4.68e-05,49626,4962.6,4962.6,0.0336924
4.685e-05,49626,4962.6,4962.6,0.0336924
4.69e-05,49626,4962.6,4962.6,0.0336924
4.695e-05,49626,4962.6,4962.6,0.0336924
4.7e-05,49626,4962.6,4962.6,0.0336924
4.705e-05,49626,4962.6,4962.6,0.0336924
4.71e-05,49626,4962.6,4962.6,0.0336924
4.715e-05,49626,4962.6,4962.6,0.0336924
4.72e-05,49626,4962.6,4962.6,0.0336924
4.725e-05,49626,4962.6,4962.6,0.0336924
4.73e-05,49626,4962.6,4962.6,0.0336924
4.735e-05,49626,4962.6,4962.6,0.0336924
4.74e-05,49626,4962.6,4962.6,0.0336924
4.745e-05,49626,4962.6,4962.6,0.0336924
4.75e-05,49626,4962.6,4962.6,0.0336924
4.755e-05,49626,4962.6,4962.6,0.0336924
4.76e-05,49626,4962.6,4962.6,0.0336924
4.765e-05,49626,4962.6,4962.6,0.0336924
4.77e-05,49626,4962.6,4962.6,0.0336924
4.775e-05,49626,4962.6,4962.6,0.0336924
4.78e-05,49626,4962.6,4962.6,0.0336924
4.785e-05,49626,4962.6,4962.6,0.0336924
4.79e-05,49626,4962.6,4962.6,0.0336924
4.795e-05,49626,4962.6,4962.6,0.0336924
4.8e-05,49626,4962.6,4962.6,0.0336924
4.805e-05,49626,4962.6,4962.6,0.0336924
4.81e-05,49626,4962.6,4962.6,0.0336924
4.815e-05,49626,4962.6,4962.6,0.0336924
4.82e-05,49626,4962.6,4962.6,0.0336924
4.825e-05,49626,4962.6,4962.6,0.0336924
4.83e-05,49626,4962.6,4962.6,0.0336924
4.835e-05,49626,4962.6,4962.6,0.0336924
4.84e-05,49626,4962.6,4962.6,0.0336924
4.845e-05,49626,4962.6,4962.6,0.0336924
4.85e-05,49626,4962.6,4962.6,0.0336924
4.855e-05,49626,4962.6,4962.6,0.0336924
4.86e-05,49626,4962.6,4962.6,0.0336924
4.865e-05,49626,4962.6,4962.6,0.0336924
4.87e-05,49626,4962.6,4962.6,0.0336924
4.875e-05,49626,4962.6,4962.6,0.0336924
4.88e-05,49626,4962.6,4962.6,0.0336924
4.885e-05,49626,4962.6,4962.6,0.0336924
4.89e-05,49626,4962.6,4962.6,0.0336924
4.895e-05,49626,4962.6,4962.6,0.0336924
4.9e-05,49626,4962.6,4962.6,0.0336924
4.905e-05,49626,4962.6,4962.6,0.0336924
4.91e-05,49626,4962.6,4962.6,0.0336924
4.915e-05,49626,4962.6,4962.6,0.0336924
4.92e-05,49626,4962.6,4962.6,0.0336924
4.925e-05,49626,4962.6,4962.6,0.0336924
4.93e-05,49626,4962.6,4962.6,0.0336924
4.935e-05,49626,4962.6,4962.6,0.0336924
4.94e-05,49626,4962.6,4962.6,0.0336924
4.945e-05,49626,4962.6,4962.6,0.0336924
4.95e-05,49626,4962.6,4962.6,0.0336924
4.955e-05,49626,4962.6,4962.6,0.0336924
4.96e-05,49626,4962.6,4962.6,0.0336924
4.965e-05,49626,4962.6,4962.6,0.0336924
4.97e-05,49626,4962.6,4962.6,0.0336924
4.975e-05,49626,4962.6,4962.6,0.0336924
4.98e-05,49626,4962.6,4962.6,0.0336924
4.985e-05,49626,4962.6,4962.6,0.0336924
4.99e-05,49626,4962.6,4962.6,0.0336924
4.995e-05,49626,4962.6,4962.6,0.0336924
5e-05,49626,4962.6,4962.6,0.0336924
5.005e-05,49626,4962.6,4962.6,0.0336924
5.01e-05,49626,4962.6,4962.6,0.0336924
5.015e-05,49626,4962.6,4962.6,0.0336924
5.02e-05,49626,4962.6,4962.6,0.0336924
5.025e-05,49626,4962.6,4962.6,0.0336924
5.03e-05,49626,4962.6,4962.6,0.0336924
5.035e-05,49626,4962.6,4962.6,0.0336924
5.04e-05,49626,4962.6,4962.6,0.0336924
5.045e-05,49626,4962.6,4962.6,0.0336924
5.05e-05,49626,4962.6,4962.6,0.0336924
5.055e-05,49626,4962.6,4962.6,0.0336924
5.06e-05,49626,4962.6,4962.6,0.0336924
5.065e-05,49626,4962.6,4962.6,0.0336924
5.07e-05,49626,4962.6,4962.6,0.0336924
5.075e-05,49626,4962.6,4962.6,0.0336924
5.08e-05,49626,4962.6,4962.6,0.0336924
5.085e-05,49626,4962.6,4962.6,0.0336924
5.09e-05,49626,4962.6,4962.6,0.0336924
5.095e-05,49626,4962.6,4962.6,0.0336924
5.1e-05,49626,4962.6,4962.6,0.0336924
5.105e-05,49626,4962.6,4962.6,0.0336924
5.11e-05,49626,4962.6,4962.6,0.0336924
5.115e-05,49626,4962.6,4962.6,0.0336924
5.12e-05,49626,4962.6,4962.6,0.0336924
5.125e-05,49626,4962.6,4962.6,0.0336924
5.13e-05,49626,4962.6,4962.6,0.0336924
5.135e-05,49626,4962.6,4962.6,0.0336924
5.14e-05,49626,4962.6,4962.6,0.0336924
5.145e-05,49626,4962.6,4962.6,0.0336924
5.15e-05,49626,4962.6,4962.6,0.0336924
5.155e-05,49626,4962.6,4962.6,0.0336924
5.16e-05,49626,4962.6,4962.6,0.0336924
5.165e-05,49626,4962.6,4962.6,0.0336924
5.17e-05,49626,4962.6,4962.6,0.0336924
5.175e-05,49626,4962.6,4962.6,0.0336924
5.18e-05,49626,4962.6,4962.6,0.0336924
5.185e-05,49626,4962.6,4962.6,0.0336924
5.19e-05,49626,4962.6,4962.6,0.0336924
5.195e-05,49626,4962.6,4962.6,0.0336924
5.2e-05,49626,4962.6,4962.6,0.0336924
5.205e-05,49626,4962.6,4962.6,0.0336924
5.21e-05,49626,4962.6,4962.6,0.0336924
5.215e-05,49626,4962.6,4962.6,0.0336924
5.22e-05,49626,4962.6,4962.6,0.0336924
5.225e-05,49626,4962.6,4962.6,0.0336924
5.23e-05,49626,4962.6,4962.6,0.0336924
5.235e-05,49626,4962.6,4962.6,0.0336924
5.24e-05,49626,4962.6,4962.6,0.0336924
5.245e-05,49626,4962.6,4962.6,0.0336924
5.25e-05,49626,4962.6,4962.6,0.0336924
5.255e-05,49626,4962.6,4962.6,0.0336924
5.26e-05,49626,4962.6,4962.6,0.0336924
5.265e-05,49626,4962.6,4962.6,0.0336924
5.27e-05,49626,4962.6,4962.6,0.0336924
5.275e-05,49626,4962.6,4962.6,0.0336924
5.28e-05,49626,4962.6,4962.6,0.0336924
5.285e-05,49626,4962.6,4962.6,0.0336924
5.29e-05,49626,4962.6,4962.6,0.0336924
5.295e-05,49626,4962.6,4962.6,0.0336924
5.3e-05,49626,4962.6,4962.6,0.0336924
5.305e-05,49626,4962.6,4962.6,0.0336924
5.31e-05,49626,4962.6,4962.6,0.0336924
5.315e-05,49626,4962.6,4962.6,0.0336924
5.32e-05,49626,4962.6,4962.6,0.0336924
5.325e-05,49626,4962.6,4962.6,0.0336924
5.33e-05,49626,4962.6,4962.6,0.0336924
5.335e-05,49626,4962.6,4962.6,0.0336924
5.34e-05,49626,4962.6,4962.6,0.0336924
5.345e-05,49626,4962.6,4962.6,0.0336924
5.35e-05,49626,4962.6,4962.6,0.0336924
5.355e-05,49626,4962.6,4962.6,0.0336924
5.36e-05,49626,4962.6,4962.6,0.0336924
5.365e-05,49626,4962.6,4962.6,0.0336924
5.37e-05,49626,4962.6,4962.6,0.0336924
5.375e-05,49626,4962.6,4962.6,0.0336924
5.38e-05,49626,4962.6,4962.6,0.0336924
5.385e-05,49626,4962.6,4962.6,0.0336924
5.39e-05,49626,4962.6,4962.6,0.0336924
5.395e-05,49626,4962.6,4962.6,0.0336924
5.4e-05,49626,4962.6,4962.6,0.0336924
5.405e-05,49626,4962.6,4962.6,0.0336924
5.41e-05,49626,4962.6,4962.6,0.0336924
5.415e-05,49626,4962.6,4962.6,0.0336924
5.42e-05,49626,4962.6,4962.6,0.0336924
5.425e-05,49626,4962.6,4962.6,0.0336924
5.43e-05,49626,4962.6,4962.6,0.0336924
5.435e-05,49626,4962.6,4962.6,0.0336924
5.44e-05,49626,4962.6,4962.6,0.0336924
5.445e-05,49626,4962.6,4962.6,0.0336924
5.45e-05,49626,4962.6,4962.6,0.0336924
5.455e-05,49626,4962.6,4962.6,0.0336924
5.46e-05,49626,4962.6,4962.6,0.0336924
5.465e-05,49626,4962.6,4962.6,0.0336924
5.47e-05,49626,4962.6,4962.6,0.0336924
5.475e-05,49626,4962.6,4962.6,0.0336924
5.48e-05,49626,4962.6,4962.6,0.0336924
5.485e-05,49626,4962.6,4962.6,0.0336924
5.49e-05,49626,4962.6,4962.6,0.0336924
5.495e-05,49626,4962.6,4962.6,0.0336924
5.5e-05,49626,4962.6,4962.6,0.0336924
5.505e-05,49626,4962.6,4962.6,0.0336924
5.51e-05,49626,4962.6,4962.6,0.0336924
5.515e-05,49626,4962.6,4962.6,0.0336924
5.52e-05,49626,4962.6,4962.6,0.0336924
5.525e-05,49626,4962.6,4962.6,0.0336924
5.53e-05,49626,4962.6,4962.6,0.0336924
5.535e-05,49626,4962.6,4962.6,0.0336924
5.54e-05,49626,4962.6,4962.6,0.0336924
5.545e-05,49626,4962.6,4962.6,0.0336924
5.55e-05,49626,4962.6,4962.6,0.0336924
5.555e-05,49626,4962.6,4962.6,0.0336924
5.56e-05,49626,4962.6,4962.6,0.0336924
5.565e-05,49626,4962.6,4962.6,0.0336924
5.57e-05,49626,4962.6,4962.6,0.0336924
5.575e-05,49626,4962.6,4962.6,0.0336924
5.58e-05,49626,4962.6,4962.6,0.0336924
5.585e-05,49626,4962.6,4962.6,0.0336924
5.59e-05,49626,4962.6,4962.6,0.0336924
5.595e-05,49626,4962.6,4962.6,0.0336924
5.6e-05,49626,4962.6,4962.6,0.0336924
5.605e-05,49626,4962.6,4962.6,0.0336924
5.61e-05,49626,4962.6,4962.6,0.0336924
5.615e-05,49626,4962.6,4962.6,0.0336924
5.62e-05,49626,4962.6,4962.6,0.0336924
5.625e-05,49626,4962.6,4962.6,0.0336924
5.63e-05,49626,4962.6,4962.6,0.0336924
5.635e-05,49626,4962.6,4962.6,0.0336924
5.64e-05,49626,4962.6,4962.6,0.0336924
5.645e-05,49626,4962.6,4962.6,0.0336924
5.65e-05,49626,4962.6,4962.6,0.0336924
5.655e-05,49626,4962.6,4962.6,0.0336924
5.66e-05,49626,4962.6,4962.6,0.0336924
5.665e-05,49626,4962.6,4962.6,0.0336924
5.67e-05,49626,4962.6,4962.6,0.0336924
5.675e-05,49626,4962.6,4962.6,0.0336924
5.68e-05,49626,4962.6,4962.6,0.0336924
5.685e-05,49626,4962.6,4962.6,0.0336924
5.69e-05,49626,4962.6,4962.6,0.0336924
5.695e-05,49626,4962.6,4962.6,0.0336924
5.7e-05,49626,4962.6,4962.6,0.0336924
5.705e-05,49626,4962.6,4962.6,0.0336924
5.71e-05,49626,4962.6,4962.6,0.0336924
5.715e-05,49626,4962.6,4962.6,0.0336924
5.72e-05,49626,4962.6,4962.6,0.0336924
5.725e-05,49626,4962.6,4962.6,0.0336924
5.73e-05,49626,4962.6,4962.6,0.0336924
5.735e-05,49626,4962.6,4962.6,0.0336924
5.74e-05,49626,4962.6,4962.6,0.0336924
5.745e-05,49626,4962.6,4962.6,0.0336924
5.75e-05,49626,4962.6,4962.6,0.0336924
5.755e-05,49626,4962.6,4962.6,0.0336924
5.76e-05,49626,4962.6,4962.6,0.0336924
5.765e-05,49626,4962.6,4962.6,0.0336924
5.77e-05,49626,4962.6,4962.6,0.0336924
5.775e-05,49626,4962.6,4962.6,0.0336924
5.78e-05,49626,4962.6,4962.6,0.0336924
5.785e-05,49626,4962.6,4962.6,0.0336924
5.79e-05,49626,4962.6,4962.6,0.0336924
5.795e-05,49626,4962.6,4962.6,0.0336924
5.8e-05,49626,4962.6,4962.6,0.0336924
5.805e-05,49626,4962.6,4962.6,0.0336924
5.81e-05,49626,4962.6,4962.6,0.0336924
5.815e-05,49626,4962.6,4962.6,0.0336924
5.82e-05,49626,4962.6,4962.6,0.0336924
5.825e-05,49626,4962.6,4962.6,0.0336924
5.83e-05,49626,4962.6,4962.6,0.0336924
5.835e-05,49626,4962.6,4962.6,0.0336924
5.84e-05,49626,4962.6,4962.6,0.0336924
5.845e-05,49626,4962.6,4962.6,0.0336924
5.85e-05,49626,4962.6,4962.6,0.0336924
5.855e-05,49626,4962.6,4962.6,0.0336924
5.86e-05,49626,4962.6,4962.6,0.0336924
5.865e-05,49626,4962.6,4962.6,0.0336924
5.87e-05,49626,4962.6,4962.6,0.0336924
5.875e-05,49626,4962.6,4962.6,0.0336924
5.88e-05,49626,4962.6,4962.6,0.0336924
5.885e-05,49626,4962.6,4962.6,0.0336924
5.89e-05,49626,4962.6,4962.6,0.0336924
5.895e-05,49626,4962.6,4962.6,0.0336924
5.9e-05,49626,4962.6,4962.6,0.0336924
5.905e-05,49626,4962.6,4962.6,0.0336924
5.91e-05,49626,4962.6,4962.6,0.0336924
5.915e-05,49626,4962.6,4962.6,0.0336924
5.92e-05,49626,4962.6,4962.6,0.0336924
5.925e-05,49626,4962.6,4962.6,0.0336924
5.93e-05,49626,4962.6,4962.6,0.0336924
5.935e-05,49626,4962.6,4962.6,0.0336924
5.94e-05,49626,4962.6,4962.6,0.0336924
5.945e-05,49626,4962.6,4962.6,0.0336924
5.95e-05,49626,4962.6,4962.6,0.0336924
5.955e-05,49626,4962.6,4962.6,0.0336924
5.96e-05,49626,4962.6,4962.6,0.0336924
5.965e-05,49626,4962.6,4962.6,0.0336924
5.97e-05,49626,4962.6,4962.6,0.0336924
5.975e-05,49626,4962.6,4962.6,0.0336924
5.98e-05,49626,4962.6,4962.6,0.0336924
5.985e-05,49626,4962.6,4962.6,0.0336924
5.99e-05,49626,4962.6,4962.6,0.0336924
5.995e-05,49626,4962.6,4962.6,0.0336924
6e-05,49626,4962.6,4962.6,0.0336924
6.005e-05,49626,4962.6,4962.6,0.0336924
6.01e-05,49626,4962.6,4962.6,0.0336924
6.015e-05,49626,4962.6,4962.6,0.0336924
6.02e-05,49626,4962.6,4962.6,0.0336924
6.025e-05,49626,4962.6,4962.6,0.0336924
6.03e-05,49626,4962.6,4962.6,0.0336924
6.035e-05,49626,4962.6,4962.6,0.0336924
6.04e-05,49626,4962.6,4962.6,0.0336924
6.045e-05,49626,4962.6,4962.6,0.0336924
6.05e-05,49626,4962.6,4962.6,0.0336924
6.055e-05,49626,4962.6,4962.6,0.0336924
6.06e-05,49626,4962.6,4962.6,0.0336924
6.065e-05,49626,4962.6,4962.6,0.0336924
6.07e-05,49626,4962.6,4962.6,0.0336924
6.075e-05,49626,4962.6,4962.6,0.0336924
6.08e-05,49626,4962.6,4962.6,0.0336924
6.085e-05,49626,4962.6,4962.6,0.0336924
6.09e-05,49626,4962.6,4962.6,0.0336924
6.095e-05,49626,4962.6,4962.6,0.0336924
6.1e-05,49626,4962.6,4962.6,0.0336924
6.105e-05,49626,4962.6,4962.6,0.0336924
6.11e-05,49626,4962.6,4962.6,0.0336924
6.115e-05,49626,4962.6,4962.6,0.0336924
6.12e-05,49626,4962.6,4962.6,0.0336924
6.125e-05,49626,4962.6,4962.6,0.0336924
6.13e-05,49626,4962.6,4962.6,0.0336924
6.135e-05,49626,4962.6,4962.6,0.0336924
6.14e-05,49626,4962.6,4962.6,0.0336924
6.145e-05,49626,4962.6,4962.6,0.0336924
6.15e-05,49626,4962.6,4962.6,0.0336924
6.155e-05,49626,4962.6,4962.6,0.0336924
6.16e-05,49626,4962.6,4962.6,0.0336924
6.165e-05,49626,4962.6,4962.6,0.0336924
6.17e-05,49626,4962.6,4962.6,0.0336924
6.175e-05,49626,4962.6,4962.6,0.0336924
6.18e-05,49626,4962.6,4962.6,0.0336924
6.185e-05,49626,4962.6,4962.6,0.0336924
6.19e-05,49626,4962.6,4962.6,0.0336924
6.195e-05,49626,4962.6,4962.6,0.0336924
6.2e-05,49626,4962.6,4962.6,0.0336924
6.205e-05,49626,4962.6,4962.6,0.0336924
6.21e-05,49626,4962.6,4962.6,0.0336924
6.215e-05,49626,4962.6,4962.6,0.0336924
6.22e-05,49626,4962.6,4962.6,0.0336924
6.225e-05,49626,4962.6,4962.6,0.0336924
6.23e-05,49626,4962.6,4962.6,0.0336924
6.235e-05,49626,4962.6,4962.6,0.0336924
6.24e-05,49626,4962.6,4962.6,0.0336924
6.245e-05,49626,4962.6,4962.6,0.0336924
6.25e-05,49626,4962.6,4962.6,0.0336924
6.255e-05,49626,4962.6,4962.6,0.0336924
6.26e-05,49626,4962.6,4962.6,0.0336924
6.265e-05,49626,4962.6,4962.6,0.0336924
6.27e-05,49626,4962.6,4962.6,0.0336924
6.275e-05,49626,4962.6,4962.6,0.0336924
6.28e-05,49626,4962.6,4962.6,0.0336924
6.285e-05,49626,4962.6,4962.6,0.0336924
6.29e-05,49626,4962.6,4962.6,0.0336924
6.295e-05,49626,4962.6,4962.6,0.0336924
6.3e-05,49626,4962.6,4962.6,0.0336924
6.305e-05,49626,4962.6,4962.6,0.0336924
6.31e-05,49626,4962.6,4962.6,0.0336924
6.315e-05,49626,4962.6,4962.6,0.0336924
6.32e-05,49626,4962.6,4962.6,0.0336924
6.325e-05,49626,4962.6,4962.6,0.0336924
6.33e-05,49626,4962.6,4962.6,0.0336924
6.335e-05,49626,4962.6,4962.6,0.0336924
6.34e-05,49626,4962.6,4962.6,0.0336924
6.345e-05,49626,4962.6,4962.6,0.0336924
6.35e-05,49626,4962.6,4962.6,0.0336924
6.355e-05,49626,4962.6,4962.6,0.0336924
6.36e-05,49626,4962.6,4962.6,0.0336924
6.365e-05,49626,4962.6,4962.6,0.0336924
6.37e-05,49626,4962.6,4962.6,0.0336924
6.375e-05,49626,4962.6,4962.6,0.0336924
6.38e-05,49626,4962.6,4962.6,0.0336924
6.385e-05,49626,4962.6,4962.6,0.0336924
6.39e-05,49626,4962.6,4962.6,0.0336924
6.395e-05,49626,4962.6,4962.6,0.0336924
6.4e-05,49626,4962.6,4962.6,0.0336924
6.405e-05,49626,4962.6,4962.6,0.0336924
6.41e-05,49626,4962.6,4962.6,0.0336924
6.415e-05,49626,4962.6,4962.6,0.0336924
6.42e-05,49626,4962.6,4962.6,0.0336924
6.425e-05,49626,4962.6,4962.6,0.0336924
6.43e-05,49626,4962.6,4962.6,0.0336924
6.435e-05,49626,4962.6,4962.6,0.0336924
6.44e-05,49626,4962.6,4962.6,0.0336924
6.445e-05,49626,4962.6,4962.6,0.0336924
6.45e-05,49626,4962.6,4962.6,0.0336924
6.455e-05,49626,4962.6,4962.6,0.0336924
6.46e-05,49626,4962.6,4962.6,0.0336924
6.465e-05,49626,4962.6,4962.6,0.0336924
6.47e-05,49626,4962.6,4962.6,0.0336924
6.475e-05,49626,4962.6,4962.6,0.0336924
6.48e-05,49626,4962.6,4962.6,0.0336924
6.485e-05,49626,4962.6,4962.6,0.0336924
6.49e-05,49626,4962.6,4962.6,0.0336924
6.495e-05,49626,4962.6,4962.6,0.0336924
6.5e-05,49626,4962.6,4962.6,0.0336924
6.505e-05,49626,4962.6,4962.6,0.0336924
6.51e-05,49626,4962.6,4962.6,0.0336924
6.515e-05,49626,4962.6,4962.6,0.0336924
6.52e-05,49626,4962.6,4962.6,0.0336924
6.525e-05,49626,4962.6,4962.6,0.0336924
6.53e-05,49626,4962.6,4962.6,0.0336924
6.535e-05,49626,4962.6,4962.6,0.0336924
6.54e-05,49626,4962.6,4962.6,0.0336924
6.545e-05,49626,4962.6,4962.6,0.0336924
6.55e-05,49626,4962.6,4962.6,0.0336924
6.555e-05,49626,4962.6,4962.6,0.0336924
6.56e-05,49626,4962.6,4962.6,0.0336924
6.565e-05,49626,4962.6,4962.6,0.0336924
6.57e-05,49626,4962.6,4962.6,0.0336924
6.575e-05,49626,4962.6,4962.6,0.0336924
6.58e-05,49626,4962.6,4962.6,0.0336924
6.585e-05,49626,4962.6,4962.6,0.0336924
6.59e-05,49626,4962.6,4962.6,0.0336924
6.595e-05,49626,4962.6,4962.6,0.0336924
6.6e-05,49626,4962.6,4962.6,0.0336924
6.605e-05,49626,4962.6,4962.6,0.0336924
6.61e-05,49626,4962.6,4962.6,0.0336924
6.615e-05,49626,4962.6,4962.6,0.0336924
6.62e-05,49626,4962.6,4962.6,0.0336924
6.625e-05,49626,4962.6,4962.6,0.0336924
6.63e-05,49626,4962.6,4962.6,0.0336924
6.635e-05,49626,4962.6,4962.6,0.0336924
6.64e-05,49626,4962.6,4962.6,0.0336924
6.645e-05,49626,4962.6,4962.6,0.0336924
6.65e-05,49626,4962.6,4962.6,0.0336924
6.655e-05,49626,4962.6,4962.6,0.0336924
6.66e-05,49626,4962.6,4962.6,0.0336924
6.665e-05,49626,4962.6,4962.6,0.0336924
6.67e-05,49626,4962.6,4962.6,0.0336924
6.675e-05,49626,4962.6,4962.6,0.0336924
6.68e-05,49626,4962.6,4962.6,0.0336924
6.685e-05,49626,4962.6,4962.6,0.0336924
6.69e-05,49626,4962.6,4962.6,0.0336924
6.695e-05,49626,4962.6,4962.6,0.0336924
6.7e-05,49626,4962.6,4962.6,0.0336924
6.705e-05,49626,4962.6,4962.6,0.0336924
6.71e-05,49626,4962.6,4962.6,0.0336924
6.715e-05,49626,4962.6,4962.6,0.0336924
6.72e-05,49626,4962.6,4962.6,0.0336924
6.725e-05,49626,4962.6,4962.6,0.0336924
6.73e-05,49626,4962.6,4962.6,0.0336924
6.735e-05,49626,4962.6,4962.6,0.0336924
6.74e-05,49626,4962.6,4962.6,0.0336924
6.745e-05,49626,4962.6,4962.6,0.0336924
6.75e-05,49626,4962.6,4962.6,0.0336924
6.755e-05,49626,4962.6,4962.6,0.0336924
6.76e-05,49626,4962.6,4962.6,0.0336924
6.765e-05,49626,4962.6,4962.6,0.0336924
6.77e-05,49626,4962.6,4962.6,0.0336924
6.775e-05,49626,4962.6,4962.6,0.0336924
6.78e-05,49626,4962.6,4962.6,0.0336924
6.785e-05,49626,4962.6,4962.6,0.0336924
6.79e-05,49626,4962.6,4962.6,0.0336924
6.795e-05,49626,4962.6,4962.6,0.0336924
6.8e-05,49626,4962.6,4962.6,0.0336924
6.805e-05,49626,4962.6,4962.6,0.0336924
6.81e-05,49626,4962.6,4962.6,0.0336924
6.815e-05,49626,4962.6,4962.6,0.0336924
6.82e-05,49626,4962.6,4962.6,0.0336924
6.825e-05,49626,4962.6,4962.6,0.0336924
6.83e-05,49626,4962.6,4962.6,0.0336924
6.835e-05,49626,4962.6,4962.6,0.0336924
6.84e-05,49626,4962.6,4962.6,0.0336924
6.845e-05,49626,4962.6,4962.6,0.0336924
6.85e-05,49626,4962.6,4962.6,0.0336924
6.855e-05,49626,4962.6,4962.6,0.0336924
6.86e-05,49626,4962.6,4962.6,0.0336924
6.865e-05,49626,4962.6,4962.6,0.0336924
6.87e-05,49626,4962.6,4962.6,0.0336924
6.875e-05,49626,4962.6,4962.6,0.0336924
6.88e-05,49626,4962.6,4962.6,0.0336924
6.885e-05,49626,4962.6,4962.6,0.0336924
6.89e-05,49626,4962.6,4962.6,0.0336924
6.895e-05,49626,4962.6,4962.6,0.0336924
6.9e-05,49626,4962.6,4962.6,0.0336924
6.905e-05,49626,4962.6,4962.6,0.0336924
6.91e-05,49626,4962.6,4962.6,0.0336924
6.915e-05,49626,4962.6,4962.6,0.0336924
6.92e-05,49626,4962.6,4962.6,0.0336924
6.925e-05,49626,4962.6,4962.6,0.0336924
6.93e-05,49626,4962.6,4962.6,0.0336924
6.935e-05,49626,4962.6,4962.6,0.0336924
6.94e-05,49626,4962.6,4962.6,0.0336924
6.945e-05,49626,4962.6,4962.6,0.0336924
6.95e-05,49626,4962.6,4962.6,0.0336924
6.955e-05,49626,4962.6,4962.6,0.0336924
6.96e-05,49626,4962.6,4962.6,0.0336924
6.965e-05,49626,4962.6,4962.6,0.0336924
6.97e-05,49626,4962.6,4962.6,0.0336924
6.975e-05,49626,4962.6,4962.6,0.0336924
6.98e-05,49626,4962.6,4962.6,0.0336924
6.985e-05,49626,4962.6,4962.6,0.0336924
6.99e-05,49626,4962.6,4962.6,0.0336924
6.995e-05,49626,4962.6,4962.6,0.0336924
7e-05,49626,4962.6,4962.6,0.0336924
7.005e-05,49626,4962.6,4962.6,0.0336924
7.01e-05,49626,4962.6,4962.6,0.0336924
7.015e-05,49626,4962.6,4962.6,0.0336924
7.02e-05,49626,4962.6,4962.6,0.0336924
7.025e-05,49626,4962.6,4962.6,0.0336924
7.03e-05,49626,4962.6,4962.6,0.0336924
7.035e-05,49626,4962.6,4962.6,0.0336924
7.04e-05,49626,4962.6,4962.6,0.0336924
7.045e-05,49626,4962.6,4962.6,0.0336924
7.05e-05,49626,4962.6,4962.6,0.0336924
7.055e-05,49626,4962.6,4962.6,0.0336924
7.06e-05,49626,4962.6,4962.6,0.0336924
7.065e-05,49626,4962.6,4962.6,0.0336924
7.07e-05,49626,4962.6,4962.6,0.0336924
7.075e-05,49626,4962.6,4962.6,0.0336924
7.08e-05,49626,4962.6,4962.6,0.0336924
7.085e-05,49626,4962.6,4962.6,0.0336924
7.09e-05,49626,4962.6,4962.6,0.0336924
7.095e-05,49626,4962.6,4962.6,0.0336924
7.1e-05,49626,4962.6,4962.6,0.0336924
7.105e-05,49626,4962.6,4962.6,0.0336924
7.11e-05,49626,4962.6,4962.6,0.0336924
7.115e-05,49626,4962.6,4962.6,0.0336924
7.12e-05,49626,4962.6,4962.6,0.0336924
7.125e-05,49626,4962.6,4962.6,0.0336924
7.13e-05,49626,4962.6,4962.6,0.0336924
7.135e-05,49626,4962.6,4962.6,0.0336924
7.14e-05,49626,4962.6,4962.6,0.0336924
7.145e-05,49626,4962.6,4962.6,0.0336924
7.15e-05,49626,4962.6,4962.6,0.0336924
7.155e-05,49626,4962.6,4962.6,0.0336924
7.16e-05,49626,4962.6,4962.6,0.0336924
7.165e-05,49626,4962.6,4962.6,0.0336924
7.17e-05,49626,4962.6,4962.6,0.0336924
7.175e-05,49626,4962.6,4962.6,0.0336924
7.18e-05,49626,4962.6,4962.6,0.0336924
7.185e-05,49626,4962.6,4962.6,0.0336924
7.19e-05,49626,4962.6,4962.6,0.0336924
7.195e-05,49626,4962.6,4962.6,0.0336924
7.2e-05,49626,4962.6,4962.6,0.0336924
7.205e-05,49626,4962.6,4962.6,0.0336924
7.21e-05,49626,4962.6,4962.6,0.0336924
7.215e-05,49626,4962.6,4962.6,0.0336924
7.22e-05,49626,4962.6,4962.6,0.0336924
7.225e-05,49626,4962.6,4962.6,0.0336924
7.23e-05,49626,4962.6,4962.6,0.0336924
7.235e-05,49626,4962.6,4962.6,0.0336924
7.24e-05,49626,4962.6,4962.6,0.0336924
7.245e-05,49626,4962.6,4962.6,0.0336924
7.25e-05,49626,4962.6,4962.6,0.0336924
7.255e-05,49626,4962.6,4962.6,0.0336924
7.26e-05,49626,4962.6,4962.6,0.0336924
7.265e-05,49626,4962.6,4962.6,0.0336924
7.27e-05,49626,4962.6,4962.6,0.0336924
7.275e-05,49626,4962.6,4962.6,0.0336924
7.28e-05,49626,4962.6,4962.6,0.0336924
7.285e-05,49626,4962.6,4962.6,0.0336924
7.29e-05,49626,4962.6,4962.6,0.0336924
7.295e-05,49626,4962.6,4962.6,0.0336924
7.3e-05,49626,4962.6,4962.6,0.0336924
7.305e-05,49626,4962.6,4962.6,0.0336924
7.31e-05,49626,4962.6,4962.6,0.0336924
7.315e-05,49626,4962.6,4962.6,0.0336924
7.32e-05,49626,4962.6,4962.6,0.0336924
7.325e-05,49626,4962.6,4962.6,0.0336924
7.33e-05,49626,4962.6,4962.6,0.0336924
7.335e-05,49626,4962.6,4962.6,0.0336924
7.34e-05,49626,4962.6,4962.6,0.0336924
7.345e-05,49626,4962.6,4962.6,0.0336924
7.35e-05,49626,4962.6,4962.6,0.0336924
7.355e-05,49626,4962.6,4962.6,0.0336924
7.36e-05,49626,4962.6,4962.6,0.0336924
7.365e-05,49626,4962.6,4962.6,0.0336924
7.37e-05,49626,4962.6,4962.6,0.0336924
7.375e-05,49626,4962.6,4962.6,0.0336924
7.38e-05,49626,4962.6,4962.6,0.0336924
7.385e-05,49626,4962.6,4962.6,0.0336924
7.39e-05,49626,4962.6,4962.6,0.0336924
7.395e-05,49626,4962.6,4962.6,0.0336924
7.4e-05,49626,4962.6,4962.6,0.0336924
7.405e-05,49626,4962.6,4962.6,0.0336924
7.41e-05,49626,4962.6,4962.6,0.0336924
7.415e-05,49626,4962.6,4962.6,0.0336924
7.42e-05,49626,4962.6,4962.6,0.0336924
7.425e-05,49626,4962.6,4962.6,0.0336924
7.43e-05,49626,4962.6,4962.6,0.0336924
7.435e-05,49626,4962.6,4962.6,0.0336924
7.44e-05,49626,4962.6,4962.6,0.0336924
7.445e-05,49626,4962.6,4962.6,0.0336924
7.45e-05,49626,4962.6,4962.6,0.0336924
7.455e-05,49626,4962.6,4962.6,0.0336924
7.46e-05,49626,4962.6,4962.6,0.0336924
7.465e-05,49626,4962.6,4962.6,0.0336924
7.47e-05,49626,4962.6,4962.6,0.0336924
7.475e-05,49626,4962.6,4962.6,0.0336924
7.48e-05,49626,4962.6,4962.6,0.0336924
7.485e-05,49626,4962.6,4962.6,0.0336924
7.49e-05,49626,4962.6,4962.6,0.0336924
7.495e-05,49626,4962.6,4962.6,0.0336924
7.5e-05,49626,4962.6,4962.6,0.0336924
7.505e-05,49626,4962.6,4962.6,0.0336924
7.51e-05,49626,4962.6,4962.6,0.0336924
7.515e-05,49626,4962.6,4962.6,0.0336924
7.52e-05,49626,4962.6,4962.6,0.0336924
7.525e-05,49626,4962.6,4962.6,0.0336924
7.53e-05,49626,4962.6,4962.6,0.0336924
7.535e-05,49626,4962.6,4962.6,0.0336924
7.54e-05,49626,4962.6,4962.6,0.0336924
7.545e-05,49626,4962.6,4962.6,0.0336924
7.55e-05,49626,4962.6,4962.6,0.0336924
7.555e-05,49626,4962.6,4962.6,0.0336924
7.56e-05,49626,4962.6,4962.6,0.0336924
7.565e-05,49626,4962.6,4962.6,0.0336924
7.57e-05,49626,4962.6,4962.6,0.0336924
7.575e-05,49626,4962.6,4962.6,0.0336924
7.58e-05,49626,4962.6,4962.6,0.0336924
7.585e-05,49626,4962.6,4962.6,0.0336924
7.59e-05,49626,4962.6,4962.6,0.0336924
7.595e-05,49626,4962.6,4962.6,0.0336924
7.6e-05,49626,4962.6,4962.6,0.0336924
7.605e-05,49626,4962.6,4962.6,0.0336924
7.61e-05,49626,4962.6,4962.6,0.0336924
7.615e-05,49626,4962.6,4962.6,0.0336924
7.62e-05,49626,4962.6,4962.6,0.0336924
7.625e-05,49626,4962.6,4962.6,0.0336924
7.63e-05,49626,4962.6,4962.6,0.0336924
7.635e-05,49626,4962.6,4962.6,0.0336924
7.64e-05,49626,4962.6,4962.6,0.0336924
7.645e-05,49626,4962.6,4962.6,0.0336924
7.65e-05,49626,4962.6,4962.6,0.0336924
7.655e-05,49626,4962.6,4962.6,0.0336924
7.66e-05,49626,4962.6,4962.6,0.0336924
7.665e-05,49626,4962.6,4962.6,0.0336924
7.67e-05,49626,4962.6,4962.6,0.0336924
7.675e-05,49626,4962.6,4962.6,0.0336924
7.68e-05,49626,4962.6,4962.6,0.0336924
7.685e-05,49626,4962.6,4962.6,0.0336924
7.69e-05,49626,4962.6,4962.6,0.0336924
7.695e-05,49626,4962.6,4962.6,0.0336924
7.7e-05,49626,4962.6,4962.6,0.0336924
7.705e-05,49626,4962.6,4962.6,0.0336924
7.71e-05,49626,4962.6,4962.6,0.0336924
7.715e-05,49626,4962.6,4962.6,0.0336924
7.72e-05,49626,4962.6,4962.6,0.0336924
7.725e-05,49626,4962.6,4962.6,0.0336924
7.73e-05,49626,4962.6,4962.6,0.0336924
7.735e-05,49626,4962.6,4962.6,0.0336924
7.74e-05,49626,4962.6,4962.6,0.0336924
7.745e-05,49626,4962.6,4962.6,0.0336924
7.75e-05,49626,4962.6,4962.6,0.0336924
7.755e-05,49626,4962.6,4962.6,0.0336924
7.76e-05,49626,4962.6,4962.6,0.0336924
7.765e-05,49626,4962.6,4962.6,0.0336924
7.77e-05,49626,4962.6,4962.6,0.0336924
7.775e-05,49626,4962.6,4962.6,0.0336924
7.78e-05,49626,4962.6,4962.6,0.0336924
7.785e-05,49626,4962.6,4962.6,0.0336924
7.79e-05,49626,4962.6,4962.6,0.0336924
7.795e-05,49626,4962.6,4962.6,0.0336924
7.8e-05,49626,4962.6,4962.6,0.0336924
7.805e-05,49626,4962.6,4962.6,0.0336924
7.81e-05,49626,4962.6,4962.6,0.0336924
7.815e-05,49626,4962.6,4962.6,0.0336924
7.82e-05,49626,4962.6,4962.6,0.0336924
7.825e-05,49626,4962.6,4962.6,0.0336924
7.83e-05,49626,4962.6,4962.6,0.0336924
7.835e-05,49626,4962.6,4962.6,0.0336924
7.84e-05,49626,4962.6,4962.6,0.0336924
7.845e-05,49626,4962.6,4962.6,0.0336924
7.85e-05,49626,4962.6,4962.6,0.0336924
7.855e-05,49626,4962.6,4962.6,0.0336924
7.86e-05,49626,4962.6,4962.6,0.0336924
7.865e-05,49626,4962.6,4962.6,0.0336924
7.87e-05,49626,4962.6,4962.6,0.0336924
7.875e-05,49626,4962.6,4962.6,0.0336924
7.88e-05,49626,4962.6,4962.6,0.0336924
7.885e-05,49626,4962.6,4962.6,0.0336924
7.89e-05,49626,4962.6,4962.6,0.0336924
7.895e-05,49626,4962.6,4962.6,0.0336924
7.9e-05,49626,4962.6,4962.6,0.0336924
7.905e-05,49626,4962.6,4962.6,0.0336924
7.91e-05,49626,4962.6,4962.6,0.0336924
7.915e-05,49626,4962.6,4962.6,0.0336924
7.92e-05,49626,4962.6,4962.6,0.0336924
7.925e-05,49626,4962.6,4962.6,0.0336924
7.93e-05,49626,4962.6,4962.6,0.0336924
7.935e-05,49626,4962.6,4962.6,0.0336924
7.94e-05,49626,4962.6,4962.6,0.0336924
7.945e-05,49626,4962.6,4962.6,0.0336924
7.95e-05,49626,4962.6,4962.6,0.0336924
7.955e-05,49626,4962.6,4962.6,0.0336924
7.96e-05,49626,4962.6,4962.6,0.0336924
7.965e-05,49626,4962.6,4962.6,0.0336924
7.97e-05,49626,4962.6,4962.6,0.0336924
7.975e-05,49626,4962.6,4962.6,0.0336924
7.98e-05,49626,4962.6,4962.6,0.0336924
7.985e-05,49626,4962.6,4962.6,0.0336924
7.99e-05,49626,4962.6,4962.6,0.0336924
7.995e-05,49626,4962.6,4962.6,0.0336924
8e-05,49626,4962.6,4962.6,0.0336924
8.005e-05,49626,4962.6,4962.6,0.0336924
8.01e-05,49626,4962.6,4962.6,0.0336924
8.015e-05,49626,4962.6,4962.6,0.0336924
8.02e-05,49626,4962.6,4962.6,0.0336924
8.025e-05,49626,4962.6,4962.6,0.0336924
8.03e-05,49626,4962.6,4962.6,0.0336924
8.035e-05,49626,4962.6,4962.6,0.0336924
8.04e-05,49626,4962.6,4962.6,0.0336924
8.045e-05,49626,4962.6,4962.6,0.0336924
8.05e-05,49626,4962.6,4962.6,0.0336924
8.055e-05,49626,4962.6,4962.6,0.0336924
8.06e-05,49626,4962.6,4962.6,0.0336924
8.065e-05,49626,4962.6,4962.6,0.0336924
8.07e-05,49626,4962.6,4962.6,0.0336924
8.075e-05,49626,4962.6,4962.6,0.0336924
8.08e-05,49626,4962.6,4962.6,0.0336924
8.085e-05,49626,4962.6,4962.6,0.0336924
8.09e-05,49626,4962.6,4962.6,0.0336924
8.095e-05,49626,4962.6,4962.6,0.0336924
8.1e-05,49626,4962.6,4962.6,0.0336924
8.105e-05,49626,4962.6,4962.6,0.0336924
8.11e-05,49626,4962.6,4962.6,0.0336924
8.115e-05,49626,4962.6,4962.6,0.0336924
8.12e-05,49626,4962.6,4962.6,0.0336924
8.125e-05,49626,4962.6,4962.6,0.0336924
8.13e-05,49626,4962.6,4962.6,0.0336924
8.135e-05,49626,4962.6,4962.6,0.0336924
8.14e-05,49626,4962.6,4962.6,0.0336924
8.145e-05,49626,4962.6,4962.6,0.0336924
8.15e-05,49626,4962.6,4962.6,0.0336924
8.155e-05,49626,4962.6,4962.6,0.0336924
8.16e-05,49626,4962.6,4962.6,0.0336924
8.165e-05,49626,4962.6,4962.6,0.0336924
8.17e-05,49626,4962.6,4962.6,0.0336924
8.175e-05,49626,4962.6,4962.6,0.0336924
8.18e-05,49626,4962.6,4962.6,0.0336924
8.185e-05,49626,4962.6,4962.6,0.0336924
8.19e-05,49626,4962.6,4962.6,0.0336924
8.195e-05,49626,4962.6,4962.6,0.0336924
8.2e-05,49626,4962.6,4962.6,0.0336924
8.205e-05,49626,4962.6,4962.6,0.0336924
8.21e-05,49626,4962.6,4962.6,0.0336924
8.215e-05,49626,4962.6,4962.6,0.0336924
8.22e-05,49626,4962.6,4962.6,0.0336924
8.225e-05,49626,4962.6,4962.6,0.0336924
8.23e-05,49626,4962.6,4962.6,0.0336924
8.235e-05,49626,4962.6,4962.6,0.0336924
8.24e-05,49626,4962.6,4962.6,0.0336924
8.245e-05,49626,4962.6,4962.6,0.0336924
8.25e-05,49626,4962.6,4962.6,0.0336924
8.255e-05,49626,4962.6,4962.6,0.0336924
8.26e-05,49626,4962.6,4962.6,0.0336924
8.265e-05,49626,4962.6,4962.6,0.0336924
8.27e-05,49626,4962.6,4962.6,0.0336924
8.275e-05,49626,4962.6,4962.6,0.0336924
8.28e-05,49626,4962.6,4962.6,0.0336924
8.285e-05,49626,4962.6,4962.6,0.0336924
8.29e-05,49626,4962.6,4962.6,0.0336924
8.295e-05,49626,4962.6,4962.6,0.0336924
8.3e-05,49626,4962.6,4962.6,0.0336924
8.305e-05,49626,4962.6,4962.6,0.0336924
8.31e-05,49626,4962.6,4962.6,0.0336924
8.315e-05,49626,4962.6,4962.6,0.0336924
8.32e-05,49626,4962.6,4962.6,0.0336924
8.325e-05,49626,4962.6,4962.6,0.0336924
8.33e-05,49626,4962.6,4962.6,0.0336924
8.335e-05,49626,4962.6,4962.6,0.0336924
8.34e-05,49626,4962.6,4962.6,0.0336924
8.345e-05,49626,4962.6,4962.6,0.0336924
8.35e-05,49626,4962.6,4962.6,0.0336924
8.355e-05,49626,4962.6,4962.6,0.0336924
8.36e-05,49626,4962.6,4962.6,0.0336924
8.365e-05,49626,4962.6,4962.6,0.0336924
8.37e-05,49626,4962.6,4962.6,0.0336924
8.375e-05,49626,4962.6,4962.6,0.0336924
8.38e-05,49626,4962.6,4962.6,0.0336924
8.385e-05,49626,4962.6,4962.6,0.0336924
8.39e-05,49626,4962.6,4962.6,0.0336924
8.395e-05,49626,4962.6,4962.6,0.0336924
8.4e-05,49626,4962.6,4962.6,0.0336924
8.405e-05,49626,4962.6,4962.6,0.0336924
8.41e-05,49626,4962.6,4962.6,0.0336924
8.415e-05,49626,4962.6,4962.6,0.0336924
8.42e-05,49626,4962.6,4962.6,0.0336924
8.425e-05,49626,4962.6,4962.6,0.0336924
8.43e-05,49626,4962.6,4962.6,0.0336924
8.435e-05,49626,4962.6,4962.6,0.0336924
8.44e-05,49626,4962.6,4962.6,0.0336924
8.445e-05,49626,4962.6,4962.6,0.0336924
8.45e-05,49626,4962.6,4962.6,0.0336924
8.455e-05,49626,4962.6,4962.6,0.0336924
8.46e-05,49626,4962.6,4962.6,0.0336924
8.465e-05,49626,4962.6,4962.6,0.0336924
8.47e-05,49626,4962.6,4962.6,0.0336924
8.475e-05,49626,4962.6,4962.6,0.0336924
8.48e-05,49626,4962.6,4962.6,0.0336924
8.485e-05,49626,4962.6,4962.6,0.0336924
8.49e-05,49626,4962.6,4962.6,0.0336924
8.495e-05,49626,4962.6,4962.6,0.0336924
8.5e-05,49626,4962.6,4962.6,0.0336924
8.505e-05,49626,4962.6,4962.6,0.0336924
8.51e-05,49626,4962.6,4962.6,0.0336924
8.515e-05,49626,4962.6,4962.6,0.0336924
8.52e-05,49626,4962.6,4962.6,0.0336924
8.525e-05,49626,4962.6,4962.6,0.0336924
8.53e-05,49626,4962.6,4962.6,0.0336924
8.535e-05,49626,4962.6,4962.6,0.0336924
8.54e-05,49626,4962.6,4962.6,0.0336924
8.545e-05,49626,4962.6,4962.6,0.0336924
8.55e-05,49626,4962.6,4962.6,0.0336924
8.555e-05,49626,4962.6,4962.6,0.0336924
8.56e-05,49626,4962.6,4962.6,0.0336924
8.565e-05,49626,4962.6,4962.6,0.0336924
8.57e-05,49626,4962.6,4962.6,0.0336924
8.575e-05,49626,4962.6,4962.6,0.0336924
8.58e-05,49626,4962.6,4962.6,0.0336924
8.585e-05,49626,4962.6,4962.6,0.0336924
8.59e-05,49626,4962.6,4962.6,0.0336924
8.595e-05,49626,4962.6,4962.6,0.0336924
8.6e-05,49626,4962.6,4962.6,0.0336924
8.605e-05,49626,4962.6,4962.6,0.0336924
8.61e-05,49626,4962.6,4962.6,0.0336924
8.615e-05,49626,4962.6,4962.6,0.0336924
8.62e-05,49626,4962.6,4962.6,0.0336924
8.625e-05,49626,4962.6,4962.6,0.0336924
8.63e-05,49626,4962.6,4962.6,0.0336924
8.635e-05,49626,4962.6,4962.6,0.0336924
8.64e-05,49626,4962.6,4962.6,0.0336924
8.645e-05,49626,4962.6,4962.6,0.0336924
8.65e-05,49626,4962.6,4962.6,0.0336924
8.655e-05,49626,4962.6,4962.6,0.0336924
8.66e-05,49626,4962.6,4962.6,0.0336924
8.665e-05,49626,4962.6,4962.6,0.0336924
8.67e-05,49626,4962.6,4962.6,0.0336924
8.675e-05,49626,4962.6,4962.6,0.0336924
8.68e-05,49626,4962.6,4962.6,0.0336924
8.685e-05,49626,4962.6,4962.6,0.0336924
8.69e-05,49626,4962.6,4962.6,0.0336924
8.695e-05,49626,4962.6,4962.6,0.0336924
8.7e-05,49626,4962.6,4962.6,0.0336924
8.705e-05,49626,4962.6,4962.6,0.0336924
8.71e-05,49626,4962.6,4962.6,0.0336924
8.715e-05,49626,4962.6,4962.6,0.0336924
8.72e-05,49626,4962.6,4962.6,0.0336924
8.725e-05,49626,4962.6,4962.6,0.0336924
8.73e-05,49626,4962.6,4962.6,0.0336924
8.735e-05,49626,4962.6,4962.6,0.0336924
8.74e-05,49626,4962.6,4962.6,0.0336924
8.745e-05,49626,4962.6,4962.6,0.0336924
8.75e-05,49626,4962.6,4962.6,0.0336924
8.755e-05,49626,4962.6,4962.6,0.0336924
8.76e-05,49626,4962.6,4962.6,0.0336924
8.765e-05,49626,4962.6,4962.6,0.0336924
8.77e-05,49626,4962.6,4962.6,0.0336924
8.775e-05,49626,4962.6,4962.6,0.0336924
8.78e-05,49626,4962.6,4962.6,0.0336924
8.785e-05,49626,4962.6,4962.6,0.0336924
8.79e-05,49626,4962.6,4962.6,0.0336924
8.795e-05,49626,4962.6,4962.6,0.0336924
8.8e-05,49626,4962.6,4962.6,0.0336924
8.805e-05,49626,4962.6,4962.6,0.0336924
8.81e-05,49626,4962.6,4962.6,0.0336924
8.815e-05,49626,4962.6,4962.6,0.0336924
8.82e-05,49626,4962.6,4962.6,0.0336924
8.825e-05,49626,4962.6,4962.6,0.0336924
8.83e-05,49626,4962.6,4962.6,0.0336924
8.835e-05,49626,4962.6,4962.6,0.0336924
8.84e-05,49626,4962.6,4962.6,0.0336924
8.845e-05,49626,4962.6,4962.6,0.0336924
8.85e-05,49626,4962.6,4962.6,0.0336924
8.855e-05,49626,4962.6,4962.6,0.0336924
8.86e-05,49626,4962.6,4962.6,0.0336924
8.865e-05,49626,4962.6,4962.6,0.0336924
8.87e-05,49626,4962.6,4962.6,0.0336924
8.875e-05,49626,4962.6,4962.6,0.0336924
8.88e-05,49626,4962.6,4962.6,0.0336924
8.885e-05,49626,4962.6,4962.6,0.0336924
8.89e-05,49626,4962.6,4962.6,0.0336924
8.895e-05,49626,4962.6,4962.6,0.0336924
8.9e-05,49626,4962.6,4962.6,0.0336924
8.905e-05,49626,4962.6,4962.6,0.0336924
8.91e-05,49626,4962.6,4962.6,0.0336924
8.915e-05,49626,4962.6,4962.6,0.0336924
8.92e-05,49626,4962.6,4962.6,0.0336924
8.925e-05,49626,4962.6,4962.6,0.0336924
8.93e-05,49626,4962.6,4962.6,0.0336924
8.935e-05,49626,4962.6,4962.6,0.0336924
8.94e-05,49626,4962.6,4962.6,0.0336924
8.945e-05,49626,4962.6,4962.6,0.0336924
8.95e-05,49626,4962.6,4962.6,0.0336924
8.955e-05,49626,4962.6,4962.6,0.0336924
8.96e-05,49626,4962.6,4962.6,0.0336924
8.965e-05,49626,4962.6,4962.6,0.0336924
8.97e-05,49626,4962.6,4962.6,0.0336924
8.975e-05,49626,4962.6,4962.6,0.0336924
8.98e-05,49626,4962.6,4962.6,0.0336924
8.985e-05,49626,4962.6,4962.6,0.0336924
8.99e-05,49626,4962.6,4962.6,0.0336924
8.995e-05,49626,4962.6,4962.6,0.0336924
9e-05,49626,4962.6,4962.6,0.0336924
9.005e-05,49626,4962.6,4962.6,0.0336924
9.01e-05,49626,4962.6,4962.6,0.0336924
9.015e-05,49626,4962.6,4962.6,0.0336924
9.02e-05,49626,4962.6,4962.6,0.0336924
9.025e-05,49626,4962.6,4962.6,0.0336924
9.03e-05,49626,4962.6,4962.6,0.0336924
9.035e-05,49626,4962.6,4962.6,0.0336924
9.04e-05,49626,4962.6,4962.6,0.0336924
9.045e-05,49626,4962.6,4962.6,0.0336924
9.05e-05,49626,4962.6,4962.6,0.0336924
9.055e-05,49626,4962.6,4962.6,0.0336924
9.06e-05,49626,4962.6,4962.6,0.0336924
9.065e-05,49626,4962.6,4962.6,0.0336924
9.07e-05,49626,4962.6,4962.6,0.0336924
9.075e-05,49626,4962.6,4962.6,0.0336924
9.08e-05,49626,4962.6,4962.6,0.0336924
9.085e-05,49626,4962.6,4962.6,0.0336924
9.09e-05,49626,4962.6,4962.6,0.0336924
9.095e-05,49626,4962.6,4962.6,0.0336924
9.1e-05,49626,4962.6,4962.6,0.0336924
9.105e-05,49626,4962.6,4962.6,0.0336924
9.11e-05,49626,4962.6,4962.6,0.0336924
9.115e-05,49626,4962.6,4962.6,0.0336924
9.12e-05,49626,4962.6,4962.6,0.0336924
9.125e-05,49626,4962.6,4962.6,0.0336924
9.13e-05,49626,4962.6,4962.6,0.0336924
9.135e-05,49626,4962.6,4962.6,0.0336924
9.14e-05,49626,4962.6,4962.6,0.0336924
9.145e-05,49626,4962.6,4962.6,0.0336924
9.15e-05,49626,4962.6,4962.6,0.0336924
9.155e-05,49626,4962.6,4962.6,0.0336924
9.16e-05,49626,4962.6,4962.6,0.0336924
9.165e-05,49626,4962.6,4962.6,0.0336924
9.17e-05,49626,4962.6,4962.6,0.0336924
9.175e-05,49626,4962.6,4962.6,0.0336924
9.18e-05,49626,4962.6,4962.6,0.0336924
9.185e-05,49626,4962.6,4962.6,0.0336924
9.19e-05,49626,4962.6,4962.6,0.0336924
9.195e-05,49626,4962.6,4962.6,0.0336924
9.2e-05,49626,4962.6,4962.6,0.0336924
9.205e-05,49626,4962.6,4962.6,0.0336924
9.21e-05,49626,4962.6,4962.6,0.0336924
9.215e-05,49626,4962.6,4962.6,0.0336924
9.22e-05,49626,4962.6,4962.6,0.0336924
9.225e-05,49626,4962.6,4962.6,0.0336924
9.23e-05,49626,4962.6,4962.6,0.0336924
9.235e-05,49626,4962.6,4962.6,0.0336924
9.24e-05,49626,4962.6,4962.6,0.0336924
9.245e-05,49626,4962.6,4962.6,0.0336924
9.25e-05,49626,4962.6,4962.6,0.0336924
9.255e-05,49626,4962.6,4962.6,0.0336924
9.26e-05,49626,4962.6,4962.6,0.0336924
9.265e-05,49626,4962.6,4962.6,0.0336924
9.27e-05,49626,4962.6,4962.6,0.0336924
9.275e-05,49626,4962.6,4962.6,0.0336924
9.28e-05,49626,4962.6,4962.6,0.0336924
9.285e-05,49626,4962.6,4962.6,0.0336924
9.29e-05,49626,4962.6,4962.6,0.0336924
9.295e-05,49626,4962.6,4962.6,0.0336924
9.3e-05,49626,4962.6,4962.6,0.0336924
9.305e-05,49626,4962.6,4962.6,0.0336924
9.31e-05,49626,4962.6,4962.6,0.0336924
9.315e-05,49626,4962.6,4962.6,0.0336924
9.32e-05,49626,4962.6,4962.6,0.0336924
9.325e-05,49626,4962.6,4962.6,0.0336924
9.33e-05,49626,4962.6,4962.6,0.0336924
9.335e-05,49626,4962.6,4962.6,0.0336924
9.34e-05,49626,4962.6,4962.6,0.0336924
9.345e-05,49626,4962.6,4962.6,0.0336924
9.35e-05,49626,4962.6,4962.6,0.0336924
9.355e-05,49626,4962.6,4962.6,0.0336924
9.36e-05,49626,4962.6,4962.6,0.0336924
9.365e-05,49626,4962.6,4962.6,0.0336924
9.37e-05,49626,4962.6,4962.6,0.0336924
9.375e-05,49626,4962.6,4962.6,0.0336924
9.38e-05,49626,4962.6,4962.6,0.0336924
9.385e-05,49626,4962.6,4962.6,0.0336924
9.39e-05,49626,4962.6,4962.6,0.0336924
9.395e-05,49626,4962.6,4962.6,0.0336924
9.4e-05,49626,4962.6,4962.6,0.0336924
9.405e-05,49626,4962.6,4962.6,0.0336924
9.41e-05,49626,4962.6,4962.6,0.0336924
9.415e-05,49626,4962.6,4962.6,0.0336924
9.42e-05,49626,4962.6,4962.6,0.0336924
9.425e-05,49626,4962.6,4962.6,0.0336924
9.43e-05,49626,4962.6,4962.6,0.0336924
9.435e-05,49626,4962.6,4962.6,0.0336924
9.44e-05,49626,4962.6,4962.6,0.0336924
9.445e-05,49626,4962.6,4962.6,0.0336924
9.45e-05,49626,4962.6,4962.6,0.0336924
9.455e-05,49626,4962.6,4962.6,0.0336924
9.46e-05,49626,4962.6,4962.6,0.0336924
9.465e-05,49626,4962.6,4962.6,0.0336924
9.47e-05,49626,4962.6,4962.6,0.0336924
9.475e-05,49626,4962.6,4962.6,0.0336924
9.48e-05,49626,4962.6,4962.6,0.0336924
9.485e-05,49626,4962.6,4962.6,0.0336924
9.49e-05,49626,4962.6,4962.6,0.0336924
9.495e-05,49626,4962.6,4962.6,0.0336924
9.5e-05,49626,4962.6,4962.6,0.0336924
9.505e-05,49626,4962.6,4962.6,0.0336924
9.51e-05,49626,4962.6,4962.6,0.0336924
9.515e-05,49626,4962.6,4962.6,0.0336924
9.52e-05,49626,4962.6,4962.6,0.0336924
9.525e-05,49626,4962.6,4962.6,0.0336924
9.53e-05,49626,4962.6,4962.6,0.0336924
9.535e-05,49626,4962.6,4962.6,0.0336924
9.54e-05,49626,4962.6,4962.6,0.0336924
9.545e-05,49626,4962.6,4962.6,0.0336924
9.55e-05,49626,4962.6,4962.6,0.0336924
9.555e-05,49626,4962.6,4962.6,0.0336924
9.56e-05,49626,4962.6,4962.6,0.0336924
9.565e-05,49626,4962.6,4962.6,0.0336924
9.57e-05,49626,4962.6,4962.6,0.0336924
9.575e-05,49626,4962.6,4962.6,0.0336924
9.58e-05,49626,4962.6,4962.6,0.0336924
9.585e-05,49626,4962.6,4962.6,0.0336924
9.59e-05,49626,4962.6,4962.6,0.0336924
9.595e-05,49626,4962.6,4962.6,0.0336924
9.6e-05,49626,4962.6,4962.6,0.0336924
9.605e-05,49626,4962.6,4962.6,0.0336924
9.61e-05,49626,4962.6,4962.6,0.0336924
9.615e-05,49626,4962.6,4962.6,0.0336924
9.62e-05,49626,4962.6,4962.6,0.0336924
9.625e-05,49626,4962.6,4962.6,0.0336924
9.63e-05,49626,4962.6,4962.6,0.0336924
9.635e-05,49626,4962.6,4962.6,0.0336924
9.64e-05,49626,4962.6,4962.6,0.0336924
9.645e-05,49626,4962.6,4962.6,0.0336924
9.65e-05,49626,4962.6,4962.6,0.0336924
9.655e-05,49626,4962.6,4962.6,0.0336924
9.66e-05,49626,4962.6,4962.6,0.0336924
9.665e-05,49626,4962.6,4962.6,0.0336924
9.67e-05,49626,4962.6,4962.6,0.0336924
9.675e-05,49626,4962.6,4962.6,0.0336924
9.68e-05,49626,4962.6,4962.6,0.0336924
9.685e-05,49626,4962.6,4962.6,0.0336924
9.69e-05,49626,4962.6,4962.6,0.0336924
9.695e-05,49626,4962.6,4962.6,0.0336924
9.7e-05,49626,4962.6,4962.6,0.0336924
9.705e-05,49626,4962.6,4962.6,0.0336924
9.71e-05,49626,4962.6,4962.6,0.0336924
9.715e-05,49626,4962.6,4962.6,0.0336924
9.72e-05,49626,4962.6,4962.6,0.0336924
9.725e-05,49626,4962.6,4962.6,0.0336924
9.73e-05,49626,4962.6,4962.6,0.0336924
9.735e-05,49626,4962.6,4962.6,0.0336924
9.74e-05,49626,4962.6,4962.6,0.0336924
9.745e-05,49626,4962.6,4962.6,0.0336924
9.75e-05,49626,4962.6,4962.6,0.0336924
9.755e-05,49626,4962.6,4962.6,0.0336924
9.76e-05,49626,4962.6,4962.6,0.0336924
9.765e-05,49626,4962.6,4962.6,0.0336924
9.77e-05,49626,4962.6,4962.6,0.0336924
9.775e-05,49626,4962.6,4962.6,0.0336924
9.78e-05,49626,4962.6,4962.6,0.0336924
9.785e-05,49626,4962.6,4962.6,0.0336924
9.79e-05,49626,4962.6,4962.6,0.0336924
9.795e-05,49626,4962.6,4962.6,0.0336924
9.8e-05,49626,4962.6,4962.6,0.0336924
9.805e-05,49626,4962.6,4962.6,0.0336924
9.81e-05,49626,4962.6,4962.6,0.0336924
9.815e-05,49626,4962.6,4962.6,0.0336924
9.82e-05,49626,4962.6,4962.6,0.0336924
9.825e-05,49626,4962.6,4962.6,0.0336924
9.83e-05,49626,4962.6,4962.6,0.0336924
9.835e-05,49626,4962.6,4962.6,0.0336924
9.84e-05,49626,4962.6,4962.6,0.0336924
9.845e-05,49626,4962.6,4962.6,0.0336924
9.85e-05,49626,4962.6,4962.6,0.0336924
9.855e-05,49626,4962.6,4962.6,0.0336924
9.86e-05,49626,4962.6,4962.6,0.0336924
9.865e-05,49626,4962.6,4962.6,0.0336924
9.87e-05,49626,4962.6,4962.6,0.0336924
9.875e-05,49626,4962.6,4962.6,0.0336924
9.88e-05,49626,4962.6,4962.6,0.0336924
9.885e-05,49626,4962.6,4962.6,0.0336924
9.89e-05,49626,4962.6,4962.6,0.0336924
9.895e-05,49626,4962.6,4962.6,0.0336924
9.9e-05,49626,4962.6,4962.6,0.0336924
9.905e-05,49626,4962.6,4962.6,0.0336924
9.91e-05,49626,4962.6,4962.6,0.0336924
9.915e-05,49626,4962.6,4962.6,0.0336924
9.92e-05,49626,4962.6,4962.6,0.0336924
9.925e-05,49626,4962.6,4962.6,0.0336924
9.93e-05,49626,4962.6,4962.6,0.0336924
9.935e-05,49626,4962.6,4962.6,0.0336924
9.94e-05,49626,4962.6,4962.6,0.0336924
9.945e-05,49626,4962.6,4962.6,0.0336924
9.95e-05,49626,4962.6,4962.6,0.0336924
9.955e-05,49626,4962.6,4962.6,0.0336924
9.96e-05,49626,4962.6,4962.6,0.0336924
9.965e-05,49626,4962.6,4962.6,0.0336924
9.97e-05,49626,4962.6,4962.6,0.0336924
9.975e-05,49626,4962.6,4962.6,0.0336924
9.98e-05,49626,4962.6,4962.6,0.0336924
9.985e-05,49626,4962.6,4962.6,0.0336924
9.99e-05,49626,4962.6,4962.6,0.0336924
9.995e-05,49626,4962.6,4962.6,0.0336924
0.0001,49626,4962.6,4962.6,0.0336924
